study_id,study_title,study_type,study_description,inclusion_exclusion_criteria,grants,study_contact,collected_by,lab_name,lab_address,submitted_by,pub_ids,keywords_study,subject_id,synthetic,species,sex,age_min,age_max,age_unit,age_event,ancestry_population,ethnicity,race,strain_name,linked_subjects,link_type,study_group_description,disease_diagnosis,disease_length,disease_stage,prior_therapies,immunogen,intervention,medical_history,sample_id,sample_type,tissue,anatomic_site,disease_state_sample,collection_time_point_relative,collection_time_point_relative_unit,collection_time_point_reference,biomaterial_provider,tissue_processing,cell_subset,cell_phenotype,cell_species,single_cell,cell_number,cells_per_reaction,cell_storage,cell_quality,cell_isolation,cell_processing_protocol,template_class,template_quality,template_amount,template_amount_unit,library_generation_method,library_generation_protocol,library_generation_kit_version,pcr_target_locus,forward_pcr_primer_target_location,reverse_pcr_primer_target_location,complete_sequences,physical_linkage,sequencing_run_id,total_reads_passing_qc_filter,sequencing_platform,sequencing_facility,sequencing_run_date,sequencing_kit,sequencing_data_id,file_type,filename,read_direction,read_length,paired_filename,paired_read_direction,paired_read_length,primary_annotation,software_versions,paired_reads_assembly,quality_thresholds,primer_match_cutoffs,collapsing_method,data_processing_protocols,data_processing_files,germline_database,analysis_provenance_id,vdjbase_name,accession_reference,reference_assembly
PRJNA1207082,,"{""id"": ""NCIT: C16084"", ""label"": ""Observational Study""}",,,NIH R24AI162317,"Amit, Upad.",,Emory National Primate Research Center,"Room #2040 954 Gatewood NE Road, Atlanta, 30329, GA","Stacey, Lapp",,,33967,,"{""id"": ""NCBITAXON: 9544"", ""label"": ""Rhesus macaque""}",,,,"{""id"": null, ""label"": null}",,,,,,,,,,,,,,,,SAMN46489155,peripheral blood sample,"{""label"": ""blood"", ""id"": ""UBERON:0000178""}",Saphenous vein,,,"{""id"": null, ""label"": null}",,Emory National Primate Research Center,PBMCs Isolation,,,"{""id"": null, ""label"": null}",FALSE,,,,,,,DNA,,,,IG-Capture,amplification and capture by hybridization of genomic dna to enrich nucleic acid sequences from IG genomic loci,,,,,,,,,SEQUELII,University of Louisville Sequencing Technology Center,,,,BAM,,,,,,,TRUE,"HiFiASM, WASP v1.0, Digger v0.7.4",,,,manual,,,custom,,P37_I10_S1,,
PRJNA1207082,,"{""id"": ""NCIT: C16084"", ""label"": ""Observational Study""}",,,NIH R24AI162317,"Amit, Upad.",,Emory National Primate Research Center,"Room #2040 954 Gatewood NE Road, Atlanta, 30329, GA","Stacey, Lapp",,,125_13,,"{""id"": ""NCBITAXON: 9544"", ""label"": ""Rhesus macaque""}",,,,"{""id"": null, ""label"": null}",,,,,,,,,,,,,,,,SAMN46489156,peripheral blood sample,"{""label"": ""blood"", ""id"": ""UBERON:0000178""}",Saphenous vein,,,"{""id"": null, ""label"": null}",,Emory National Primate Research Center,PBMCs Isolation,,,"{""id"": null, ""label"": null}",FALSE,,,,,,,DNA,,,,IG-Capture,amplification and capture by hybridization of genomic dna to enrich nucleic acid sequences from IG genomic loci,,,,,,,,,SEQUELII,University of Louisville Sequencing Technology Center,,,,BAM,,,,,,,TRUE,"HiFiASM, WASP v1.0, Digger v0.7.4",,,,manual,,,custom,,P37_I01_S1,,
PRJNA1207082,,"{""id"": ""NCIT: C16084"", ""label"": ""Observational Study""}",,,NIH R24AI162317,"Amit, Upad.",,Emory National Primate Research Center,"Room #2040 954 Gatewood NE Road, Atlanta, 30329, GA","Stacey, Lapp",,,133_13,,"{""id"": ""NCBITAXON: 9544"", ""label"": ""Rhesus macaque""}",,,,"{""id"": null, ""label"": null}",,,,,,,,,,,,,,,,SAMN46489157,peripheral blood sample,"{""label"": ""blood"", ""id"": ""UBERON:0000178""}",Saphenous vein,,,"{""id"": null, ""label"": null}",,Emory National Primate Research Center,PBMCs Isolation,,,"{""id"": null, ""label"": null}",FALSE,,,,,,,DNA,,,,IG-Capture,amplification and capture by hybridization of genomic dna to enrich nucleic acid sequences from IG genomic loci,,,,,,,,,SEQUELII,University of Louisville Sequencing Technology Center,,,,BAM,,,,,,,TRUE,"HiFiASM, WASP v1.0, Digger v0.7.4",,,,manual,,,custom,,P37_I02_S1,,
PRJNA1207082,,"{""id"": ""NCIT: C16084"", ""label"": ""Observational Study""}",,,NIH R24AI162317,"Amit, Upad.",,Emory National Primate Research Center,"Room #2040 954 Gatewood NE Road, Atlanta, 30329, GA","Stacey, Lapp",,,13D132,,"{""id"": ""NCBITAXON: 9544"", ""label"": ""Rhesus macaque""}",,,,"{""id"": null, ""label"": null}",,,,,,,,,,,,,,,,SAMN46489158,peripheral blood sample,"{""label"": ""blood"", ""id"": ""UBERON:0000178""}",Saphenous vein,,,"{""id"": null, ""label"": null}",,Emory National Primate Research Center,PBMCs Isolation,,,"{""id"": null, ""label"": null}",FALSE,,,,,,,DNA,,,,IG-Capture,amplification and capture by hybridization of genomic dna to enrich nucleic acid sequences from IG genomic loci,,,,,,,,,SEQUELII,University of Louisville Sequencing Technology Center,,,,BAM,,,,,,,TRUE,"HiFiASM, WASP v1.0, Digger v0.7.4",,,,manual,,,custom,,P37_I03_S1,,
PRJNA1207082,,"{""id"": ""NCIT: C16084"", ""label"": ""Observational Study""}",,,NIH R24AI162317,"Amit, Upad.",,Emory National Primate Research Center,"Room #2040 954 Gatewood NE Road, Atlanta, 30329, GA","Stacey, Lapp",,,146_13,,"{""id"": ""NCBITAXON: 9544"", ""label"": ""Rhesus macaque""}",,,,"{""id"": null, ""label"": null}",,,,,,,,,,,,,,,,SAMN46489159,peripheral blood sample,"{""label"": ""blood"", ""id"": ""UBERON:0000178""}",Saphenous vein,,,"{""id"": null, ""label"": null}",,Emory National Primate Research Center,PBMCs Isolation,,,"{""id"": null, ""label"": null}",FALSE,,,,,,,DNA,,,,IG-Capture,amplification and capture by hybridization of genomic dna to enrich nucleic acid sequences from IG genomic loci,,,,,,,,,SEQUELII,University of Louisville Sequencing Technology Center,,,,BAM,,,,,,,TRUE,"HiFiASM, WASP v1.0, Digger v0.7.4",,,,manual,,,custom,,P37_I04_S1,,
PRJNA1207082,,"{""id"": ""NCIT: C16084"", ""label"": ""Observational Study""}",,,NIH R24AI162317,"Amit, Upad.",,Emory National Primate Research Center,"Room #2040 954 Gatewood NE Road, Atlanta, 30329, GA","Stacey, Lapp",,,15C172,,"{""id"": ""NCBITAXON: 9544"", ""label"": ""Rhesus macaque""}",,,,"{""id"": null, ""label"": null}",,,,,,,,,,,,,,,,SAMN46489160,peripheral blood sample,"{""label"": ""blood"", ""id"": ""UBERON:0000178""}",Saphenous vein,,,"{""id"": null, ""label"": null}",,Emory National Primate Research Center,PBMCs Isolation,,,"{""id"": null, ""label"": null}",FALSE,,,,,,,DNA,,,,IG-Capture,amplification and capture by hybridization of genomic dna to enrich nucleic acid sequences from IG genomic loci,,,,,,,,,SEQUELII,University of Louisville Sequencing Technology Center,,,,BAM,,,,,,,TRUE,"HiFiASM, WASP v1.0, Digger v0.7.4",,,,manual,,,custom,,P37_I05_S1,,
PRJNA1207082,,"{""id"": ""NCIT: C16084"", ""label"": ""Observational Study""}",,,NIH R24AI162317,"Amit, Upad.",,Emory National Primate Research Center,"Room #2040 954 Gatewood NE Road, Atlanta, 30329, GA","Stacey, Lapp",,,174-13,,"{""id"": ""NCBITAXON: 9544"", ""label"": ""Rhesus macaque""}",,,,"{""id"": null, ""label"": null}",,,,,,,,,,,,,,,,SAMN46489161,peripheral blood sample,"{""label"": ""blood"", ""id"": ""UBERON:0000178""}",Saphenous vein,,,"{""id"": null, ""label"": null}",,Emory National Primate Research Center,PBMCs Isolation,,,"{""id"": null, ""label"": null}",FALSE,,,,,,,DNA,,,,IG-Capture,amplification and capture by hybridization of genomic dna to enrich nucleic acid sequences from IG genomic loci,,,,,,,,,SEQUELII,University of Louisville Sequencing Technology Center,,,,BAM,,,,,,,TRUE,"HiFiASM, WASP v1.0, Digger v0.7.4",,,,manual,,,custom,,P37_I06_S1,,
PRJNA1207082,,"{""id"": ""NCIT: C16084"", ""label"": ""Observational Study""}",,,NIH R24AI162317,"Amit, Upad.",,Emory National Primate Research Center,"Room #2040 954 Gatewood NE Road, Atlanta, 30329, GA","Stacey, Lapp",,,194_13,,"{""id"": ""NCBITAXON: 9544"", ""label"": ""Rhesus macaque""}",,,,"{""id"": null, ""label"": null}",,,,,,,,,,,,,,,,SAMN46489162,peripheral blood sample,"{""label"": ""blood"", ""id"": ""UBERON:0000178""}",Saphenous vein,,,"{""id"": null, ""label"": null}",,Emory National Primate Research Center,PBMCs Isolation,,,"{""id"": null, ""label"": null}",FALSE,,,,,,,DNA,,,,IG-Capture,amplification and capture by hybridization of genomic dna to enrich nucleic acid sequences from IG genomic loci,,,,,,,,,SEQUELII,University of Louisville Sequencing Technology Center,,,,BAM,,,,,,,TRUE,"HiFiASM, WASP v1.0, Digger v0.7.4",,,,manual,,,custom,,P37_I07_S1,,
PRJNA1207082,,"{""id"": ""NCIT: C16084"", ""label"": ""Observational Study""}",,,NIH R24AI162317,"Amit, Upad.",,Emory National Primate Research Center,"Room #2040 954 Gatewood NE Road, Atlanta, 30329, GA","Stacey, Lapp",,,275_12,,"{""id"": ""NCBITAXON: 9544"", ""label"": ""Rhesus macaque""}",,,,"{""id"": null, ""label"": null}",,,,,,,,,,,,,,,,SAMN46489163,peripheral blood sample,"{""label"": ""blood"", ""id"": ""UBERON:0000178""}",Saphenous vein,,,"{""id"": null, ""label"": null}",,Emory National Primate Research Center,PBMCs Isolation,,,"{""id"": null, ""label"": null}",FALSE,,,,,,,DNA,,,,IG-Capture,amplification and capture by hybridization of genomic dna to enrich nucleic acid sequences from IG genomic loci,,,,,,,,,SEQUELII,University of Louisville Sequencing Technology Center,,,,BAM,,,,,,,TRUE,"HiFiASM, WASP v1.0, Digger v0.7.4",,,,manual,,,custom,,P37_I08_S1,,
PRJNA1207082,,"{""id"": ""NCIT: C16084"", ""label"": ""Observational Study""}",,,NIH R24AI162317,"Amit, Upad.",,Emory National Primate Research Center,"Room #2040 954 Gatewood NE Road, Atlanta, 30329, GA","Stacey, Lapp",,,315_04,,"{""id"": ""NCBITAXON: 9544"", ""label"": ""Rhesus macaque""}",,,,"{""id"": null, ""label"": null}",,,,,,,,,,,,,,,,SAMN46489164,peripheral blood sample,"{""label"": ""blood"", ""id"": ""UBERON:0000178""}",Saphenous vein,,,"{""id"": null, ""label"": null}",,Emory National Primate Research Center,PBMCs Isolation,,,"{""id"": null, ""label"": null}",FALSE,,,,,,,DNA,,,,IG-Capture,amplification and capture by hybridization of genomic dna to enrich nucleic acid sequences from IG genomic loci,,,,,,,,,SEQUELII,University of Louisville Sequencing Technology Center,,,,BAM,,,,,,,TRUE,"HiFiASM, WASP v1.0, Digger v0.7.4",,,,manual,,,custom,,P37_I09_S1,,
PRJNA1207082,,"{""id"": ""NCIT: C16084"", ""label"": ""Observational Study""}",,,NIH R24AI162317,"Amit, Upad.",,Emory National Primate Research Center,"Room #2040 954 Gatewood NE Road, Atlanta, 30329, GA","Stacey, Lapp",,,6S0,,"{""id"": ""NCBITAXON: 9544"", ""label"": ""Rhesus macaque""}",,,,"{""id"": null, ""label"": null}",,,,,,,,,,,,,,,,SAMN46489165,peripheral blood sample,"{""label"": ""blood"", ""id"": ""UBERON:0000178""}",Saphenous vein,,,"{""id"": null, ""label"": null}",,Emory National Primate Research Center,PBMCs Isolation,,,"{""id"": null, ""label"": null}",FALSE,,,,,,,DNA,,,,IG-Capture,amplification and capture by hybridization of genomic dna to enrich nucleic acid sequences from IG genomic loci,,,,,,,,,SEQUELII,University of Louisville Sequencing Technology Center,,,,BAM,,,,,,,TRUE,"HiFiASM, WASP v1.0, Digger v0.7.4",,,,manual,,,custom,,P37_I11_S1,,
PRJNA1207082,,"{""id"": ""NCIT: C16084"", ""label"": ""Observational Study""}",,,NIH R24AI162317,,,Chavi,,,,,DHIC,,"{""id"": ""NCBITAXON: 9544"", ""label"": ""Rhesus macaque""}",,,,"{""id"": null, ""label"": null}",,,,,,,,,,,,,,,,SAMN46489166,peripheral blood sample,"{""label"": ""blood"", ""id"": ""UBERON:0000178""}",Saphenous vein,,,"{""id"": null, ""label"": null}",,Chavi,PBMCs Isolation,,,"{""id"": null, ""label"": null}",FALSE,,,,,,,DNA,,,,IG-Capture,amplification and capture by hybridization of genomic dna to enrich nucleic acid sequences from IG genomic loci,,,,,,,,,SEQUELII,University of Louisville Sequencing Technology Center,,,,BAM,,,,,,,TRUE,"HiFiASM, WASP v1.0, Digger v0.7.4",,,,manual,,,custom,,P37_I12_S1,,
PRJNA1207082,,"{""id"": ""NCIT: C16084"", ""label"": ""Observational Study""}",,,NIH R24AI162317,,,Chavi,,,,,K397,,"{""id"": ""NCBITAXON: 9544"", ""label"": ""Rhesus macaque""}",,,,"{""id"": null, ""label"": null}",,,,,,,,,,,,,,,,SAMN46489167,peripheral blood sample,"{""label"": ""blood"", ""id"": ""UBERON:0000178""}",Saphenous vein,,,"{""id"": null, ""label"": null}",,Chavi,PBMCs Isolation,,,"{""id"": null, ""label"": null}",FALSE,,,,,,,DNA,,,,IG-Capture,amplification and capture by hybridization of genomic dna to enrich nucleic acid sequences from IG genomic loci,,,,,,,,,SEQUELII,University of Louisville Sequencing Technology Center,,,,BAM,,,,,,,TRUE,"HiFiASM, WASP v1.0, Digger v0.7.4",,,,manual,,,custom,,P37_I13_S1,,
PRJNA1207082,,"{""id"": ""NCIT: C16084"", ""label"": ""Observational Study""}",,,NIH R24AI162317,,,Chavi,,,,,K410,,"{""id"": ""NCBITAXON: 9544"", ""label"": ""Rhesus macaque""}",,,,"{""id"": null, ""label"": null}",,,,,,,,,,,,,,,,SAMN46489168,peripheral blood sample,"{""label"": ""blood"", ""id"": ""UBERON:0000178""}",Saphenous vein,,,"{""id"": null, ""label"": null}",,Chavi,PBMCs Isolation,,,"{""id"": null, ""label"": null}",FALSE,,,,,,,DNA,,,,IG-Capture,amplification and capture by hybridization of genomic dna to enrich nucleic acid sequences from IG genomic loci,,,,,,,,,SEQUELII,University of Louisville Sequencing Technology Center,,,,BAM,,,,,,,TRUE,"HiFiASM, WASP v1.0, Digger v0.7.4",,,,manual,,,custom,,P37_I14_S1,,
PRJNA1207082,,"{""id"": ""NCIT: C16084"", ""label"": ""Observational Study""}",,,NIH R24AI162317,,,Chavi,,,,,K916,,"{""id"": ""NCBITAXON: 9544"", ""label"": ""Rhesus macaque""}",,,,"{""id"": null, ""label"": null}",,,,,,,,,,,,,,,,SAMN46489169,peripheral blood sample,"{""label"": ""blood"", ""id"": ""UBERON:0000178""}",Saphenous vein,,,"{""id"": null, ""label"": null}",,Chavi,PBMCs Isolation,,,"{""id"": null, ""label"": null}",FALSE,,,,,,,DNA,,,,IG-Capture,amplification and capture by hybridization of genomic dna to enrich nucleic acid sequences from IG genomic loci,,,,,,,,,SEQUELII,University of Louisville Sequencing Technology Center,,,,BAM,,,,,,,TRUE,"HiFiASM, WASP v1.0, Digger v0.7.4",,,,manual,,,custom,,P37_I15_S1,,
PRJNA1207082,,"{""id"": ""NCIT: C16084"", ""label"": ""Observational Study""}",,,NIH R24AI162317,,,Chavi,,,,,L211,,"{""id"": ""NCBITAXON: 9544"", ""label"": ""Rhesus macaque""}",,,,"{""id"": null, ""label"": null}",,,,,,,,,,,,,,,,SAMN46489170,peripheral blood sample,"{""label"": ""blood"", ""id"": ""UBERON:0000178""}",Saphenous vein,,,"{""id"": null, ""label"": null}",,Chavi,PBMCs Isolation,,,"{""id"": null, ""label"": null}",FALSE,,,,,,,DNA,,,,IG-Capture,amplification and capture by hybridization of genomic dna to enrich nucleic acid sequences from IG genomic loci,,,,,,,,,SEQUELII,University of Louisville Sequencing Technology Center,,,,BAM,,,,,,,TRUE,"HiFiASM, WASP v1.0, Digger v0.7.4",,,,manual,,,custom,,P37_I16_S1,,
PRJNA1207082,,"{""id"": ""NCIT: C16084"", ""label"": ""Observational Study""}",,,NIH R24AI162317,,,Gunilla,,,,,M21,,"{""id"": ""NCBITAXON: 9544"", ""label"": ""Rhesus macaque""}",,,,"{""id"": null, ""label"": null}",,,,,,,,,,,,,,,,SAMN46489171,peripheral blood sample,"{""label"": ""blood"", ""id"": ""UBERON:0000178""}",Saphenous vein,,,"{""id"": null, ""label"": null}",,Gunilla,PBMCs Isolation,,,"{""id"": null, ""label"": null}",FALSE,,,,,,,DNA,,,,IG-Capture,amplification and capture by hybridization of genomic dna to enrich nucleic acid sequences from IG genomic loci,,,,,,,,,SEQUELII,University of Louisville Sequencing Technology Center,,,,BAM,,,,,,,TRUE,"HiFiASM, WASP v1.0, Digger v0.7.4",,,,manual,,,custom,,P37_I17_S1,,
PRJNA1207082,,"{""id"": ""NCIT: C16084"", ""label"": ""Observational Study""}",,,NIH R24AI162317,"Amit, Upad.",,Emory National Primate Research Center,"Room #2040 954 Gatewood NE Road, Atlanta, 30329, GA","Stacey, Lapp",,,MA277,,"{""id"": ""NCBITAXON: 9544"", ""label"": ""Rhesus macaque""}",,,,"{""id"": null, ""label"": null}",,,,,,,,,,,,,,,,SAMN46489172,peripheral blood sample,"{""label"": ""blood"", ""id"": ""UBERON:0000178""}",Saphenous vein,,,"{""id"": null, ""label"": null}",,Emory National Primate Research Center,PBMCs Isolation,,,"{""id"": null, ""label"": null}",FALSE,,,,,,,DNA,,,,IG-Capture,amplification and capture by hybridization of genomic dna to enrich nucleic acid sequences from IG genomic loci,,,,,,,,,SEQUELII,University of Louisville Sequencing Technology Center,,,,BAM,,,,,,,TRUE,"HiFiASM, WASP v1.0, Digger v0.7.4",,,,manual,,,custom,,P37_I18_S1,,
PRJNA1207082,,"{""id"": ""NCIT: C16084"", ""label"": ""Observational Study""}",,,NIH R24AI162317,,,Gunilla,,,,,O3J,,"{""id"": ""NCBITAXON: 9544"", ""label"": ""Rhesus macaque""}",,,,"{""id"": null, ""label"": null}",,,,,,,,,,,,,,,,SAMN46489173,peripheral blood sample,"{""label"": ""blood"", ""id"": ""UBERON:0000178""}",Saphenous vein,,,"{""id"": null, ""label"": null}",,Gunilla,PBMCs Isolation,,,"{""id"": null, ""label"": null}",FALSE,,,,,,,DNA,,,,IG-Capture,amplification and capture by hybridization of genomic dna to enrich nucleic acid sequences from IG genomic loci,,,,,,,,,SEQUELII,University of Louisville Sequencing Technology Center,,,,BAM,,,,,,,TRUE,"HiFiASM, WASP v1.0, Digger v0.7.4",,,,manual,,,custom,,P37_I19_S1,,
PRJNA1207082,,"{""id"": ""NCIT: C16084"", ""label"": ""Observational Study""}",,,NIH R24AI162317,"Amit, Upad.",,Emory National Primate Research Center,"Room #2040 954 Gatewood NE Road, Atlanta, 30329, GA","Stacey, Lapp",,,RAi15,,"{""id"": ""NCBITAXON: 9544"", ""label"": ""Rhesus macaque""}",,,,"{""id"": null, ""label"": null}",,,,,,,,,,,,,,,,SAMN46489174,peripheral blood sample,"{""label"": ""blood"", ""id"": ""UBERON:0000178""}",Saphenous vein,,,"{""id"": null, ""label"": null}",,Emory National Primate Research Center,PBMCs Isolation,,,"{""id"": null, ""label"": null}",FALSE,,,,,,,DNA,,,,IG-Capture,amplification and capture by hybridization of genomic dna to enrich nucleic acid sequences from IG genomic loci,,,,,,,,,SEQUELII,University of Louisville Sequencing Technology Center,,,,BAM,,,,,,,TRUE,"HiFiASM, WASP v1.0, Digger v0.7.4",,,,manual,,,custom,,P37_I20_S1,,
PRJNA1207082,,"{""id"": ""NCIT: C16084"", ""label"": ""Observational Study""}",,,NIH R24AI162317,"Amit, Upad.",,Emory National Primate Research Center,"Room #2040 954 Gatewood NE Road, Atlanta, 30329, GA","Stacey, Lapp",,,RBj16,,"{""id"": ""NCBITAXON: 9544"", ""label"": ""Rhesus macaque""}",,,,"{""id"": null, ""label"": null}",,,,,,,,,,,,,,,,SAMN46489175,peripheral blood sample,"{""label"": ""blood"", ""id"": ""UBERON:0000178""}",Saphenous vein,,,"{""id"": null, ""label"": null}",,Emory National Primate Research Center,PBMCs Isolation,,,"{""id"": null, ""label"": null}",FALSE,,,,,,,DNA,,,,IG-Capture,amplification and capture by hybridization of genomic dna to enrich nucleic acid sequences from IG genomic loci,,,,,,,,,SEQUELII,University of Louisville Sequencing Technology Center,,,,BAM,,,,,,,TRUE,"HiFiASM, WASP v1.0, Digger v0.7.4",,,,manual,,,custom,,P37_I21_S1,,
PRJNA1207082,,"{""id"": ""NCIT: C16084"", ""label"": ""Observational Study""}",,,NIH R24AI162317,"Amit, Upad.",,Emory National Primate Research Center,"Room #2040 954 Gatewood NE Road, Atlanta, 30329, GA","Stacey, Lapp",,,RBo18,,"{""id"": ""NCBITAXON: 9544"", ""label"": ""Rhesus macaque""}",,,,"{""id"": null, ""label"": null}",,,,,,,,,,,,,,,,SAMN46489176,peripheral blood sample,"{""label"": ""blood"", ""id"": ""UBERON:0000178""}",Saphenous vein,,,"{""id"": null, ""label"": null}",,Emory National Primate Research Center,PBMCs Isolation,,,"{""id"": null, ""label"": null}",FALSE,,,,,,,DNA,,,,IG-Capture,amplification and capture by hybridization of genomic dna to enrich nucleic acid sequences from IG genomic loci,,,,,,,,,SEQUELII,University of Louisville Sequencing Technology Center,,,,BAM,,,,,,,TRUE,"HiFiASM, WASP v1.0, Digger v0.7.4",,,,manual,,,custom,,P37_I22_S1,,
PRJNA1207082,,"{""id"": ""NCIT: C16084"", ""label"": ""Observational Study""}",,,NIH R24AI162317,"Amit, Upad.",,Emory National Primate Research Center,"Room #2040 954 Gatewood NE Road, Atlanta, 30329, GA","Stacey, Lapp",,,RBr15,,"{""id"": ""NCBITAXON: 9544"", ""label"": ""Rhesus macaque""}",,,,"{""id"": null, ""label"": null}",,,,,,,,,,,,,,,,SAMN46489177,peripheral blood sample,"{""label"": ""blood"", ""id"": ""UBERON:0000178""}",Saphenous vein,,,"{""id"": null, ""label"": null}",,Emory National Primate Research Center,PBMCs Isolation,,,"{""id"": null, ""label"": null}",FALSE,,,,,,,DNA,,,,IG-Capture,amplification and capture by hybridization of genomic dna to enrich nucleic acid sequences from IG genomic loci,,,,,,,,,SEQUELII,University of Louisville Sequencing Technology Center,,,,BAM,,,,,,,TRUE,"HiFiASM, WASP v1.0, Digger v0.7.4",,,,manual,,,custom,,P37_I23_S1,,
PRJNA1207082,,"{""id"": ""NCIT: C16084"", ""label"": ""Observational Study""}",,,NIH R24AI162317,"Amit, Upad.",,Emory National Primate Research Center,"Room #2040 954 Gatewood NE Road, Atlanta, 30329, GA","Stacey, Lapp",,,RBw15,,"{""id"": ""NCBITAXON: 9544"", ""label"": ""Rhesus macaque""}",,,,"{""id"": null, ""label"": null}",,,,,,,,,,,,,,,,SAMN46489178,peripheral blood sample,"{""label"": ""blood"", ""id"": ""UBERON:0000178""}",Saphenous vein,,,"{""id"": null, ""label"": null}",,Emory National Primate Research Center,PBMCs Isolation,,,"{""id"": null, ""label"": null}",FALSE,,,,,,,DNA,,,,IG-Capture,amplification and capture by hybridization of genomic dna to enrich nucleic acid sequences from IG genomic loci,,,,,,,,,SEQUELII,University of Louisville Sequencing Technology Center,,,,BAM,,,,,,,TRUE,"HiFiASM, WASP v1.0, Digger v0.7.4",,,,manual,,,custom,,P37_I24_S1,,
PRJNA1207082,,"{""id"": ""NCIT: C16084"", ""label"": ""Observational Study""}",,,NIH R24AI162317,"Amit, Upad.",,Emory National Primate Research Center,"Room #2040 954 Gatewood NE Road, Atlanta, 30329, GA","Stacey, Lapp",,,RCj20,,"{""id"": ""NCBITAXON: 9544"", ""label"": ""Rhesus macaque""}",,,,"{""id"": null, ""label"": null}",,,,,,,,,,,,,,,,SAMN46489179,peripheral blood sample,"{""label"": ""blood"", ""id"": ""UBERON:0000178""}",Saphenous vein,,,"{""id"": null, ""label"": null}",,Emory National Primate Research Center,PBMCs Isolation,,,"{""id"": null, ""label"": null}",FALSE,,,,,,,DNA,,,,IG-Capture,amplification and capture by hybridization of genomic dna to enrich nucleic acid sequences from IG genomic loci,,,,,,,,,SEQUELII,University of Louisville Sequencing Technology Center,,,,BAM,,,,,,,TRUE,"HiFiASM, WASP v1.0, Digger v0.7.4",,,,manual,,,custom,,P37_I25_S1,,
PRJNA1207082,,"{""id"": ""NCIT: C16084"", ""label"": ""Observational Study""}",,,NIH R24AI162317,"Amit, Upad.",,Emory National Primate Research Center,"Room #2040 954 Gatewood NE Road, Atlanta, 30329, GA","Stacey, Lapp",,,RCn18,,"{""id"": ""NCBITAXON: 9544"", ""label"": ""Rhesus macaque""}",,,,"{""id"": null, ""label"": null}",,,,,,,,,,,,,,,,SAMN46489180,peripheral blood sample,"{""label"": ""blood"", ""id"": ""UBERON:0000178""}",Saphenous vein,,,"{""id"": null, ""label"": null}",,Emory National Primate Research Center,PBMCs Isolation,,,"{""id"": null, ""label"": null}",FALSE,,,,,,,DNA,,,,IG-Capture,amplification and capture by hybridization of genomic dna to enrich nucleic acid sequences from IG genomic loci,,,,,,,,,SEQUELII,University of Louisville Sequencing Technology Center,,,,BAM,,,,,,,TRUE,"HiFiASM, WASP v1.0, Digger v0.7.4",,,,manual,,,custom,,P37_I26_S1,,
PRJNA1207082,,"{""id"": ""NCIT: C16084"", ""label"": ""Observational Study""}",,,NIH R24AI162317,"Amit, Upad.",,Emory National Primate Research Center,"Room #2040 954 Gatewood NE Road, Atlanta, 30329, GA","Stacey, Lapp",,,RCp16,,"{""id"": ""NCBITAXON: 9544"", ""label"": ""Rhesus macaque""}",,,,"{""id"": null, ""label"": null}",,,,,,,,,,,,,,,,SAMN46489181,peripheral blood sample,"{""label"": ""blood"", ""id"": ""UBERON:0000178""}",Saphenous vein,,,"{""id"": null, ""label"": null}",,Emory National Primate Research Center,PBMCs Isolation,,,"{""id"": null, ""label"": null}",FALSE,,,,,,,DNA,,,,IG-Capture,amplification and capture by hybridization of genomic dna to enrich nucleic acid sequences from IG genomic loci,,,,,,,,,SEQUELII,University of Louisville Sequencing Technology Center,,,,BAM,,,,,,,TRUE,"HiFiASM, WASP v1.0, Digger v0.7.4",,,,manual,,,custom,,P37_I27_S1,,
PRJNA1207082,,"{""id"": ""NCIT: C16084"", ""label"": ""Observational Study""}",,,NIH R24AI162317,"Amit, Upad.",,Emory National Primate Research Center,"Room #2040 954 Gatewood NE Road, Atlanta, 30329, GA","Stacey, Lapp",,,RCs15,,"{""id"": ""NCBITAXON: 9544"", ""label"": ""Rhesus macaque""}",,,,"{""id"": null, ""label"": null}",,,,,,,,,,,,,,,,SAMN46489182,peripheral blood sample,"{""label"": ""blood"", ""id"": ""UBERON:0000178""}",Saphenous vein,,,"{""id"": null, ""label"": null}",,Emory National Primate Research Center,PBMCs Isolation,,,"{""id"": null, ""label"": null}",FALSE,,,,,,,DNA,,,,IG-Capture,amplification and capture by hybridization of genomic dna to enrich nucleic acid sequences from IG genomic loci,,,,,,,,,SEQUELII,University of Louisville Sequencing Technology Center,,,,BAM,,,,,,,TRUE,"HiFiASM, WASP v1.0, Digger v0.7.4",,,,manual,,,custom,,P37_I28_S1,,
PRJNA1207082,,"{""id"": ""NCIT: C16084"", ""label"": ""Observational Study""}",,,NIH R24AI162317,"Amit, Upad.",,Emory National Primate Research Center,"Room #2040 954 Gatewood NE Road, Atlanta, 30329, GA","Stacey, Lapp",,,RCv16,,"{""id"": ""NCBITAXON: 9544"", ""label"": ""Rhesus macaque""}",,,,"{""id"": null, ""label"": null}",,,,,,,,,,,,,,,,SAMN46489183,peripheral blood sample,"{""label"": ""blood"", ""id"": ""UBERON:0000178""}",Saphenous vein,,,"{""id"": null, ""label"": null}",,Emory National Primate Research Center,PBMCs Isolation,,,"{""id"": null, ""label"": null}",FALSE,,,,,,,DNA,,,,IG-Capture,amplification and capture by hybridization of genomic dna to enrich nucleic acid sequences from IG genomic loci,,,,,,,,,SEQUELII,University of Louisville Sequencing Technology Center,,,,BAM,,,,,,,TRUE,"HiFiASM, WASP v1.0, Digger v0.7.4",,,,manual,,,custom,,P37_I29_S1,,
PRJNA1207082,,"{""id"": ""NCIT: C16084"", ""label"": ""Observational Study""}",,,NIH R24AI162317,"Amit, Upad.",,Emory National Primate Research Center,"Room #2040 954 Gatewood NE Road, Atlanta, 30329, GA","Stacey, Lapp",,,RCz16,,"{""id"": ""NCBITAXON: 9544"", ""label"": ""Rhesus macaque""}",,,,"{""id"": null, ""label"": null}",,,,,,,,,,,,,,,,SAMN46489184,peripheral blood sample,"{""label"": ""blood"", ""id"": ""UBERON:0000178""}",Saphenous vein,,,"{""id"": null, ""label"": null}",,Emory National Primate Research Center,PBMCs Isolation,,,"{""id"": null, ""label"": null}",FALSE,,,,,,,DNA,,,,IG-Capture,amplification and capture by hybridization of genomic dna to enrich nucleic acid sequences from IG genomic loci,,,,,,,,,SEQUELII,University of Louisville Sequencing Technology Center,,,,BAM,,,,,,,TRUE,"HiFiASM, WASP v1.0, Digger v0.7.4",,,,manual,,,custom,,P37_I30_S1,,
PRJNA1207082,,"{""id"": ""NCIT: C16084"", ""label"": ""Observational Study""}",,,NIH R24AI162317,"Amit, Upad.",,Emory National Primate Research Center,"Room #2040 954 Gatewood NE Road, Atlanta, 30329, GA","Stacey, Lapp",,,RDe18,,"{""id"": ""NCBITAXON: 9544"", ""label"": ""Rhesus macaque""}",,,,"{""id"": null, ""label"": null}",,,,,,,,,,,,,,,,SAMN46489185,peripheral blood sample,"{""label"": ""blood"", ""id"": ""UBERON:0000178""}",Saphenous vein,,,"{""id"": null, ""label"": null}",,Emory National Primate Research Center,PBMCs Isolation,,,"{""id"": null, ""label"": null}",FALSE,,,,,,,DNA,,,,IG-Capture,amplification and capture by hybridization of genomic dna to enrich nucleic acid sequences from IG genomic loci,,,,,,,,,SEQUELII,University of Louisville Sequencing Technology Center,,,,BAM,,,,,,,TRUE,"HiFiASM, WASP v1.0, Digger v0.7.4",,,,manual,,,custom,,P37_I31_S1,,
PRJNA1207082,,"{""id"": ""NCIT: C16084"", ""label"": ""Observational Study""}",,,NIH R24AI162317,"Amit, Upad.",,Emory National Primate Research Center,"Room #2040 954 Gatewood NE Road, Atlanta, 30329, GA","Stacey, Lapp",,,RDq15,,"{""id"": ""NCBITAXON: 9544"", ""label"": ""Rhesus macaque""}",,,,"{""id"": null, ""label"": null}",,,,,,,,,,,,,,,,SAMN46489186,peripheral blood sample,"{""label"": ""blood"", ""id"": ""UBERON:0000178""}",Saphenous vein,,,"{""id"": null, ""label"": null}",,Emory National Primate Research Center,PBMCs Isolation,,,"{""id"": null, ""label"": null}",FALSE,,,,,,,DNA,,,,IG-Capture,amplification and capture by hybridization of genomic dna to enrich nucleic acid sequences from IG genomic loci,,,,,,,,,SEQUELII,University of Louisville Sequencing Technology Center,,,,BAM,,,,,,,TRUE,"HiFiASM, WASP v1.0, Digger v0.7.4",,,,manual,,,custom,,P37_I32_S1,,
PRJNA1207082,,"{""id"": ""NCIT: C16084"", ""label"": ""Observational Study""}",,,NIH R24AI162317,"Amit, Upad.",,Emory National Primate Research Center,"Room #2040 954 Gatewood NE Road, Atlanta, 30329, GA","Stacey, Lapp",,,RDr15,,"{""id"": ""NCBITAXON: 9544"", ""label"": ""Rhesus macaque""}",,,,"{""id"": null, ""label"": null}",,,,,,,,,,,,,,,,SAMN46489187,peripheral blood sample,"{""label"": ""blood"", ""id"": ""UBERON:0000178""}",Saphenous vein,,,"{""id"": null, ""label"": null}",,Emory National Primate Research Center,PBMCs Isolation,,,"{""id"": null, ""label"": null}",FALSE,,,,,,,DNA,,,,IG-Capture,amplification and capture by hybridization of genomic dna to enrich nucleic acid sequences from IG genomic loci,,,,,,,,,SEQUELII,University of Louisville Sequencing Technology Center,,,,BAM,,,,,,,TRUE,"HiFiASM, WASP v1.0, Digger v0.7.4",,,,manual,,,custom,,P37_I33_S1,,
PRJNA1207082,,"{""id"": ""NCIT: C16084"", ""label"": ""Observational Study""}",,,NIH R24AI162317,"Amit, Upad.",,Emory National Primate Research Center,"Room #2040 954 Gatewood NE Road, Atlanta, 30329, GA","Stacey, Lapp",,,RDt18,,"{""id"": ""NCBITAXON: 9544"", ""label"": ""Rhesus macaque""}",,,,"{""id"": null, ""label"": null}",,,,,,,,,,,,,,,,SAMN46489188,peripheral blood sample,"{""label"": ""blood"", ""id"": ""UBERON:0000178""}",Saphenous vein,,,"{""id"": null, ""label"": null}",,Emory National Primate Research Center,PBMCs Isolation,,,"{""id"": null, ""label"": null}",FALSE,,,,,,,DNA,,,,IG-Capture,amplification and capture by hybridization of genomic dna to enrich nucleic acid sequences from IG genomic loci,,,,,,,,,SEQUELII,University of Louisville Sequencing Technology Center,,,,BAM,,,,,,,TRUE,"HiFiASM, WASP v1.0, Digger v0.7.4",,,,manual,,,custom,,P37_I34_S1,,
PRJNA1207082,,"{""id"": ""NCIT: C16084"", ""label"": ""Observational Study""}",,,NIH R24AI162317,"Amit, Upad.",,Emory National Primate Research Center,"Room #2040 954 Gatewood NE Road, Atlanta, 30329, GA","Stacey, Lapp",,,REk15,,"{""id"": ""NCBITAXON: 9544"", ""label"": ""Rhesus macaque""}",,,,"{""id"": null, ""label"": null}",,,,,,,,,,,,,,,,SAMN46489189,peripheral blood sample,"{""label"": ""blood"", ""id"": ""UBERON:0000178""}",Saphenous vein,,,"{""id"": null, ""label"": null}",,Emory National Primate Research Center,PBMCs Isolation,,,"{""id"": null, ""label"": null}",FALSE,,,,,,,DNA,,,,IG-Capture,amplification and capture by hybridization of genomic dna to enrich nucleic acid sequences from IG genomic loci,,,,,,,,,SEQUELII,University of Louisville Sequencing Technology Center,,,,BAM,,,,,,,TRUE,"HiFiASM, WASP v1.0, Digger v0.7.4",,,,manual,,,custom,,P37_I35_S1,,
PRJNA1207082,,"{""id"": ""NCIT: C16084"", ""label"": ""Observational Study""}",,,NIH R24AI162317,"Amit, Upad.",,Emory National Primate Research Center,"Room #2040 954 Gatewood NE Road, Atlanta, 30329, GA","Stacey, Lapp",,,RFj17,,"{""id"": ""NCBITAXON: 9544"", ""label"": ""Rhesus macaque""}",,,,"{""id"": null, ""label"": null}",,,,,,,,,,,,,,,,SAMN46489190,peripheral blood sample,"{""label"": ""blood"", ""id"": ""UBERON:0000178""}",Saphenous vein,,,"{""id"": null, ""label"": null}",,Emory National Primate Research Center,PBMCs Isolation,,,"{""id"": null, ""label"": null}",FALSE,,,,,,,DNA,,,,IG-Capture,amplification and capture by hybridization of genomic dna to enrich nucleic acid sequences from IG genomic loci,,,,,,,,,SEQUELII,University of Louisville Sequencing Technology Center,,,,BAM,,,,,,,TRUE,"HiFiASM, WASP v1.0, Digger v0.7.4",,,,manual,,,custom,,P37_I36_S1,,
PRJNA1207082,,"{""id"": ""NCIT: C16084"", ""label"": ""Observational Study""}",,,NIH R24AI162317,"Amit, Upad.",,Emory National Primate Research Center,"Room #2040 954 Gatewood NE Road, Atlanta, 30329, GA","Stacey, Lapp",,,RFq19,,"{""id"": ""NCBITAXON: 9544"", ""label"": ""Rhesus macaque""}",,,,"{""id"": null, ""label"": null}",,,,,,,,,,,,,,,,SAMN46489191,peripheral blood sample,"{""label"": ""blood"", ""id"": ""UBERON:0000178""}",Saphenous vein,,,"{""id"": null, ""label"": null}",,Emory National Primate Research Center,PBMCs Isolation,,,"{""id"": null, ""label"": null}",FALSE,,,,,,,DNA,,,,IG-Capture,amplification and capture by hybridization of genomic dna to enrich nucleic acid sequences from IG genomic loci,,,,,,,,,SEQUELII,University of Louisville Sequencing Technology Center,,,,BAM,,,,,,,TRUE,"HiFiASM, WASP v1.0, Digger v0.7.4",,,,manual,,,custom,,P37_I37_S1,,
PRJNA1207082,,"{""id"": ""NCIT: C16084"", ""label"": ""Observational Study""}",,,NIH R24AI162317,"Amit, Upad.",,Emory National Primate Research Center,"Room #2040 954 Gatewood NE Road, Atlanta, 30329, GA","Stacey, Lapp",,,RFr13,,"{""id"": ""NCBITAXON: 9544"", ""label"": ""Rhesus macaque""}",,,,"{""id"": null, ""label"": null}",,,,,,,,,,,,,,,,SAMN46489192,peripheral blood sample,"{""label"": ""blood"", ""id"": ""UBERON:0000178""}",Saphenous vein,,,"{""id"": null, ""label"": null}",,Emory National Primate Research Center,PBMCs Isolation,,,"{""id"": null, ""label"": null}",FALSE,,,,,,,DNA,,,,IG-Capture,amplification and capture by hybridization of genomic dna to enrich nucleic acid sequences from IG genomic loci,,,,,,,,,SEQUELII,University of Louisville Sequencing Technology Center,,,,BAM,,,,,,,TRUE,"HiFiASM, WASP v1.0, Digger v0.7.4",,,,manual,,,custom,,P37_I38_S1,,
PRJNA1207082,,"{""id"": ""NCIT: C16084"", ""label"": ""Observational Study""}",,,NIH R24AI162317,"Amit, Upad.",,Emory National Primate Research Center,"Room #2040 954 Gatewood NE Road, Atlanta, 30329, GA","Stacey, Lapp",,,RGi17,,"{""id"": ""NCBITAXON: 9544"", ""label"": ""Rhesus macaque""}",,,,"{""id"": null, ""label"": null}",,,,,,,,,,,,,,,,SAMN46489193,peripheral blood sample,"{""label"": ""blood"", ""id"": ""UBERON:0000178""}",Saphenous vein,,,"{""id"": null, ""label"": null}",,Emory National Primate Research Center,PBMCs Isolation,,,"{""id"": null, ""label"": null}",FALSE,,,,,,,DNA,,,,IG-Capture,amplification and capture by hybridization of genomic dna to enrich nucleic acid sequences from IG genomic loci,,,,,,,,,SEQUELII,University of Louisville Sequencing Technology Center,,,,BAM,,,,,,,TRUE,"HiFiASM, WASP v1.0, Digger v0.7.4",,,,manual,,,custom,,P37_I39_S1,,
PRJNA1207082,,"{""id"": ""NCIT: C16084"", ""label"": ""Observational Study""}",,,NIH R24AI162317,"Amit, Upad.",,Emory National Primate Research Center,"Room #2040 954 Gatewood NE Road, Atlanta, 30329, GA","Stacey, Lapp",,,RGq13,,"{""id"": ""NCBITAXON: 9544"", ""label"": ""Rhesus macaque""}",,,,"{""id"": null, ""label"": null}",,,,,,,,,,,,,,,,SAMN46489194,peripheral blood sample,"{""label"": ""blood"", ""id"": ""UBERON:0000178""}",Saphenous vein,,,"{""id"": null, ""label"": null}",,Emory National Primate Research Center,PBMCs Isolation,,,"{""id"": null, ""label"": null}",FALSE,,,,,,,DNA,,,,IG-Capture,amplification and capture by hybridization of genomic dna to enrich nucleic acid sequences from IG genomic loci,,,,,,,,,SEQUELII,University of Louisville Sequencing Technology Center,,,,BAM,,,,,,,TRUE,"HiFiASM, WASP v1.0, Digger v0.7.4",,,,manual,,,custom,,P37_I40_S1,,
PRJNA1207082,,"{""id"": ""NCIT: C16084"", ""label"": ""Observational Study""}",,,NIH R24AI162317,"Amit, Upad.",,Emory National Primate Research Center,"Room #2040 954 Gatewood NE Road, Atlanta, 30329, GA","Stacey, Lapp",,,RGr15,,"{""id"": ""NCBITAXON: 9544"", ""label"": ""Rhesus macaque""}",,,,"{""id"": null, ""label"": null}",,,,,,,,,,,,,,,,SAMN46489195,peripheral blood sample,"{""label"": ""blood"", ""id"": ""UBERON:0000178""}",Saphenous vein,,,"{""id"": null, ""label"": null}",,Emory National Primate Research Center,PBMCs Isolation,,,"{""id"": null, ""label"": null}",FALSE,,,,,,,DNA,,,,IG-Capture,amplification and capture by hybridization of genomic dna to enrich nucleic acid sequences from IG genomic loci,,,,,,,,,SEQUELII,University of Louisville Sequencing Technology Center,,,,BAM,,,,,,,TRUE,"HiFiASM, WASP v1.0, Digger v0.7.4",,,,manual,,,custom,,P37_I41_S1,,
PRJNA1207082,,"{""id"": ""NCIT: C16084"", ""label"": ""Observational Study""}",,,NIH R24AI162317,"Amit, Upad.",,Emory National Primate Research Center,"Room #2040 954 Gatewood NE Road, Atlanta, 30329, GA","Stacey, Lapp",,,RGt19,,"{""id"": ""NCBITAXON: 9544"", ""label"": ""Rhesus macaque""}",,,,"{""id"": null, ""label"": null}",,,,,,,,,,,,,,,,SAMN46489196,peripheral blood sample,"{""label"": ""blood"", ""id"": ""UBERON:0000178""}",Saphenous vein,,,"{""id"": null, ""label"": null}",,Emory National Primate Research Center,PBMCs Isolation,,,"{""id"": null, ""label"": null}",FALSE,,,,,,,DNA,,,,IG-Capture,amplification and capture by hybridization of genomic dna to enrich nucleic acid sequences from IG genomic loci,,,,,,,,,SEQUELII,University of Louisville Sequencing Technology Center,,,,BAM,,,,,,,TRUE,"HiFiASM, WASP v1.0, Digger v0.7.4",,,,manual,,,custom,,P37_I42_S1,,
PRJNA1207082,,"{""id"": ""NCIT: C16084"", ""label"": ""Observational Study""}",,,NIH R24AI162317,"Amit, Upad.",,Emory National Primate Research Center,"Room #2040 954 Gatewood NE Road, Atlanta, 30329, GA","Stacey, Lapp",,,RGw18,,"{""id"": ""NCBITAXON: 9544"", ""label"": ""Rhesus macaque""}",,,,"{""id"": null, ""label"": null}",,,,,,,,,,,,,,,,SAMN46489197,peripheral blood sample,"{""label"": ""blood"", ""id"": ""UBERON:0000178""}",Saphenous vein,,,"{""id"": null, ""label"": null}",,Emory National Primate Research Center,PBMCs Isolation,,,"{""id"": null, ""label"": null}",FALSE,,,,,,,DNA,,,,IG-Capture,amplification and capture by hybridization of genomic dna to enrich nucleic acid sequences from IG genomic loci,,,,,,,,,SEQUELII,University of Louisville Sequencing Technology Center,,,,BAM,,,,,,,TRUE,"HiFiASM, WASP v1.0, Digger v0.7.4",,,,manual,,,custom,,P37_I43_S1,,
PRJNA1207082,,"{""id"": ""NCIT: C16084"", ""label"": ""Observational Study""}",,,NIH R24AI162317,"Amit, Upad.",,Emory National Primate Research Center,"Room #2040 954 Gatewood NE Road, Atlanta, 30329, GA","Stacey, Lapp",,,RHe16,,"{""id"": ""NCBITAXON: 9544"", ""label"": ""Rhesus macaque""}",,,,"{""id"": null, ""label"": null}",,,,,,,,,,,,,,,,SAMN46489198,peripheral blood sample,"{""label"": ""blood"", ""id"": ""UBERON:0000178""}",Saphenous vein,,,"{""id"": null, ""label"": null}",,Emory National Primate Research Center,PBMCs Isolation,,,"{""id"": null, ""label"": null}",FALSE,,,,,,,DNA,,,,IG-Capture,amplification and capture by hybridization of genomic dna to enrich nucleic acid sequences from IG genomic loci,,,,,,,,,SEQUELII,University of Louisville Sequencing Technology Center,,,,BAM,,,,,,,TRUE,"HiFiASM, WASP v1.0, Digger v0.7.4",,,,manual,,,custom,,P37_I44_S1,,
PRJNA1207082,,"{""id"": ""NCIT: C16084"", ""label"": ""Observational Study""}",,,NIH R24AI162317,"Amit, Upad.",,Emory National Primate Research Center,"Room #2040 954 Gatewood NE Road, Atlanta, 30329, GA","Stacey, Lapp",,,RHu20,,"{""id"": ""NCBITAXON: 9544"", ""label"": ""Rhesus macaque""}",,,,"{""id"": null, ""label"": null}",,,,,,,,,,,,,,,,SAMN46489199,peripheral blood sample,"{""label"": ""blood"", ""id"": ""UBERON:0000178""}",Saphenous vein,,,"{""id"": null, ""label"": null}",,Emory National Primate Research Center,PBMCs Isolation,,,"{""id"": null, ""label"": null}",FALSE,,,,,,,DNA,,,,IG-Capture,amplification and capture by hybridization of genomic dna to enrich nucleic acid sequences from IG genomic loci,,,,,,,,,SEQUELII,University of Louisville Sequencing Technology Center,,,,BAM,,,,,,,TRUE,"HiFiASM, WASP v1.0, Digger v0.7.4",,,,manual,,,custom,,P37_I45_S1,,
PRJNA1207082,,"{""id"": ""NCIT: C16084"", ""label"": ""Observational Study""}",,,NIH R24AI162317,"Amit, Upad.",,Emory National Primate Research Center,"Room #2040 954 Gatewood NE Road, Atlanta, 30329, GA","Stacey, Lapp",,,RIb18,,"{""id"": ""NCBITAXON: 9544"", ""label"": ""Rhesus macaque""}",,,,"{""id"": null, ""label"": null}",,,,,,,,,,,,,,,,SAMN46489200,peripheral blood sample,"{""label"": ""blood"", ""id"": ""UBERON:0000178""}",Saphenous vein,,,"{""id"": null, ""label"": null}",,Emory National Primate Research Center,PBMCs Isolation,,,"{""id"": null, ""label"": null}",FALSE,,,,,,,DNA,,,,IG-Capture,amplification and capture by hybridization of genomic dna to enrich nucleic acid sequences from IG genomic loci,,,,,,,,,SEQUELII,University of Louisville Sequencing Technology Center,,,,BAM,,,,,,,TRUE,"HiFiASM, WASP v1.0, Digger v0.7.4",,,,manual,,,custom,,P37_I46_S1,,
PRJNA1207082,,"{""id"": ""NCIT: C16084"", ""label"": ""Observational Study""}",,,NIH R24AI162317,"Amit, Upad.",,Emory National Primate Research Center,"Room #2040 954 Gatewood NE Road, Atlanta, 30329, GA","Stacey, Lapp",,,RIr15,,"{""id"": ""NCBITAXON: 9544"", ""label"": ""Rhesus macaque""}",,,,"{""id"": null, ""label"": null}",,,,,,,,,,,,,,,,SAMN46489201,peripheral blood sample,"{""label"": ""blood"", ""id"": ""UBERON:0000178""}",Saphenous vein,,,"{""id"": null, ""label"": null}",,Emory National Primate Research Center,PBMCs Isolation,,,"{""id"": null, ""label"": null}",FALSE,,,,,,,DNA,,,,IG-Capture,amplification and capture by hybridization of genomic dna to enrich nucleic acid sequences from IG genomic loci,,,,,,,,,SEQUELII,University of Louisville Sequencing Technology Center,,,,BAM,,,,,,,TRUE,"HiFiASM, WASP v1.0, Digger v0.7.4",,,,manual,,,custom,,P37_I47_S1,,
PRJNA1207082,,"{""id"": ""NCIT: C16084"", ""label"": ""Observational Study""}",,,NIH R24AI162317,"Amit, Upad.",,Emory National Primate Research Center,"Room #2040 954 Gatewood NE Road, Atlanta, 30329, GA","Stacey, Lapp",,,RIy10,,"{""id"": ""NCBITAXON: 9544"", ""label"": ""Rhesus macaque""}",,,,"{""id"": null, ""label"": null}",,,,,,,,,,,,,,,,SAMN46489202,peripheral blood sample,"{""label"": ""blood"", ""id"": ""UBERON:0000178""}",Saphenous vein,,,"{""id"": null, ""label"": null}",,Emory National Primate Research Center,PBMCs Isolation,,,"{""id"": null, ""label"": null}",FALSE,,,,,,,DNA,,,,IG-Capture,amplification and capture by hybridization of genomic dna to enrich nucleic acid sequences from IG genomic loci,,,,,,,,,SEQUELII,University of Louisville Sequencing Technology Center,,,,BAM,,,,,,,TRUE,"HiFiASM, WASP v1.0, Digger v0.7.4",,,,manual,,,custom,,P37_I48_S1,,
PRJNA1207082,,"{""id"": ""NCIT: C16084"", ""label"": ""Observational Study""}",,,NIH R24AI162317,"Amit, Upad.",,Emory National Primate Research Center,"Room #2040 954 Gatewood NE Road, Atlanta, 30329, GA","Stacey, Lapp",,,RJb19,,"{""id"": ""NCBITAXON: 9544"", ""label"": ""Rhesus macaque""}",,,,"{""id"": null, ""label"": null}",,,,,,,,,,,,,,,,SAMN46489203,peripheral blood sample,"{""label"": ""blood"", ""id"": ""UBERON:0000178""}",Saphenous vein,,,"{""id"": null, ""label"": null}",,Emory National Primate Research Center,PBMCs Isolation,,,"{""id"": null, ""label"": null}",FALSE,,,,,,,DNA,,,,IG-Capture,amplification and capture by hybridization of genomic dna to enrich nucleic acid sequences from IG genomic loci,,,,,,,,,SEQUELII,University of Louisville Sequencing Technology Center,,,,BAM,,,,,,,TRUE,"HiFiASM, WASP v1.0, Digger v0.7.4",,,,manual,,,custom,,P37_I49_S1,,
PRJNA1207082,,"{""id"": ""NCIT: C16084"", ""label"": ""Observational Study""}",,,NIH R24AI162317,"Amit, Upad.",,Emory National Primate Research Center,"Room #2040 954 Gatewood NE Road, Atlanta, 30329, GA","Stacey, Lapp",,,RJs14,,"{""id"": ""NCBITAXON: 9544"", ""label"": ""Rhesus macaque""}",,,,"{""id"": null, ""label"": null}",,,,,,,,,,,,,,,,SAMN46489204,peripheral blood sample,"{""label"": ""blood"", ""id"": ""UBERON:0000178""}",Saphenous vein,,,"{""id"": null, ""label"": null}",,Emory National Primate Research Center,PBMCs Isolation,,,"{""id"": null, ""label"": null}",FALSE,,,,,,,DNA,,,,IG-Capture,amplification and capture by hybridization of genomic dna to enrich nucleic acid sequences from IG genomic loci,,,,,,,,,SEQUELII,University of Louisville Sequencing Technology Center,,,,BAM,,,,,,,TRUE,"HiFiASM, WASP v1.0, Digger v0.7.4",,,,manual,,,custom,,P37_I50_S1,,
PRJNA1207082,,"{""id"": ""NCIT: C16084"", ""label"": ""Observational Study""}",,,NIH R24AI162317,"Amit, Upad.",,Emory National Primate Research Center,"Room #2040 954 Gatewood NE Road, Atlanta, 30329, GA","Stacey, Lapp",,,RJv17,,"{""id"": ""NCBITAXON: 9544"", ""label"": ""Rhesus macaque""}",,,,"{""id"": null, ""label"": null}",,,,,,,,,,,,,,,,SAMN46489205,peripheral blood sample,"{""label"": ""blood"", ""id"": ""UBERON:0000178""}",Saphenous vein,,,"{""id"": null, ""label"": null}",,Emory National Primate Research Center,PBMCs Isolation,,,"{""id"": null, ""label"": null}",FALSE,,,,,,,DNA,,,,IG-Capture,amplification and capture by hybridization of genomic dna to enrich nucleic acid sequences from IG genomic loci,,,,,,,,,SEQUELII,University of Louisville Sequencing Technology Center,,,,BAM,,,,,,,TRUE,"HiFiASM, WASP v1.0, Digger v0.7.4",,,,manual,,,custom,,P37_I51_S1,,
PRJNA1207082,,"{""id"": ""NCIT: C16084"", ""label"": ""Observational Study""}",,,NIH R24AI162317,"Amit, Upad.",,Emory National Primate Research Center,"Room #2040 954 Gatewood NE Road, Atlanta, 30329, GA","Stacey, Lapp",,,RKb19,,"{""id"": ""NCBITAXON: 9544"", ""label"": ""Rhesus macaque""}",,,,"{""id"": null, ""label"": null}",,,,,,,,,,,,,,,,SAMN46489206,peripheral blood sample,"{""label"": ""blood"", ""id"": ""UBERON:0000178""}",Saphenous vein,,,"{""id"": null, ""label"": null}",,Emory National Primate Research Center,PBMCs Isolation,,,"{""id"": null, ""label"": null}",FALSE,,,,,,,DNA,,,,IG-Capture,amplification and capture by hybridization of genomic dna to enrich nucleic acid sequences from IG genomic loci,,,,,,,,,SEQUELII,University of Louisville Sequencing Technology Center,,,,BAM,,,,,,,TRUE,"HiFiASM, WASP v1.0, Digger v0.7.4",,,,manual,,,custom,,P37_I52_S1,,
PRJNA1207082,,"{""id"": ""NCIT: C16084"", ""label"": ""Observational Study""}",,,NIH R24AI162317,"Amit, Upad.",,Emory National Primate Research Center,"Room #2040 954 Gatewood NE Road, Atlanta, 30329, GA","Stacey, Lapp",,,RKq18,,"{""id"": ""NCBITAXON: 9544"", ""label"": ""Rhesus macaque""}",,,,"{""id"": null, ""label"": null}",,,,,,,,,,,,,,,,SAMN46489207,peripheral blood sample,"{""label"": ""blood"", ""id"": ""UBERON:0000178""}",Saphenous vein,,,"{""id"": null, ""label"": null}",,Emory National Primate Research Center,PBMCs Isolation,,,"{""id"": null, ""label"": null}",FALSE,,,,,,,DNA,,,,IG-Capture,amplification and capture by hybridization of genomic dna to enrich nucleic acid sequences from IG genomic loci,,,,,,,,,SEQUELII,University of Louisville Sequencing Technology Center,,,,BAM,,,,,,,TRUE,"HiFiASM, WASP v1.0, Digger v0.7.4",,,,manual,,,custom,,P37_I53_S1,,
PRJNA1207082,,"{""id"": ""NCIT: C16084"", ""label"": ""Observational Study""}",,,NIH R24AI162317,"Amit, Upad.",,Emory National Primate Research Center,"Room #2040 954 Gatewood NE Road, Atlanta, 30329, GA","Stacey, Lapp",,,RLf17,,"{""id"": ""NCBITAXON: 9544"", ""label"": ""Rhesus macaque""}",,,,"{""id"": null, ""label"": null}",,,,,,,,,,,,,,,,SAMN46489208,peripheral blood sample,"{""label"": ""blood"", ""id"": ""UBERON:0000178""}",Saphenous vein,,,"{""id"": null, ""label"": null}",,Emory National Primate Research Center,PBMCs Isolation,,,"{""id"": null, ""label"": null}",FALSE,,,,,,,DNA,,,,IG-Capture,amplification and capture by hybridization of genomic dna to enrich nucleic acid sequences from IG genomic loci,,,,,,,,,SEQUELII,University of Louisville Sequencing Technology Center,,,,BAM,,,,,,,TRUE,"HiFiASM, WASP v1.0, Digger v0.7.4",,,,manual,,,custom,,P37_I54_S1,,
PRJNA1207082,,"{""id"": ""NCIT: C16084"", ""label"": ""Observational Study""}",,,NIH R24AI162317,"Amit, Upad.",,Emory National Primate Research Center,"Room #2040 954 Gatewood NE Road, Atlanta, 30329, GA","Stacey, Lapp",,,RLi17,,"{""id"": ""NCBITAXON: 9544"", ""label"": ""Rhesus macaque""}",,,,"{""id"": null, ""label"": null}",,,,,,,,,,,,,,,,SAMN46489209,peripheral blood sample,"{""label"": ""blood"", ""id"": ""UBERON:0000178""}",Saphenous vein,,,"{""id"": null, ""label"": null}",,Emory National Primate Research Center,PBMCs Isolation,,,"{""id"": null, ""label"": null}",FALSE,,,,,,,DNA,,,,IG-Capture,amplification and capture by hybridization of genomic dna to enrich nucleic acid sequences from IG genomic loci,,,,,,,,,SEQUELII,University of Louisville Sequencing Technology Center,,,,BAM,,,,,,,TRUE,"HiFiASM, WASP v1.0, Digger v0.7.4",,,,manual,,,custom,,P37_I55_S1,,
PRJNA1207082,,"{""id"": ""NCIT: C16084"", ""label"": ""Observational Study""}",,,NIH R24AI162317,"Amit, Upad.",,Emory National Primate Research Center,"Room #2040 954 Gatewood NE Road, Atlanta, 30329, GA","Stacey, Lapp",,,RLi18,,"{""id"": ""NCBITAXON: 9544"", ""label"": ""Rhesus macaque""}",,,,"{""id"": null, ""label"": null}",,,,,,,,,,,,,,,,SAMN46489210,peripheral blood sample,"{""label"": ""blood"", ""id"": ""UBERON:0000178""}",Saphenous vein,,,"{""id"": null, ""label"": null}",,Emory National Primate Research Center,PBMCs Isolation,,,"{""id"": null, ""label"": null}",FALSE,,,,,,,DNA,,,,IG-Capture,amplification and capture by hybridization of genomic dna to enrich nucleic acid sequences from IG genomic loci,,,,,,,,,SEQUELII,University of Louisville Sequencing Technology Center,,,,BAM,,,,,,,TRUE,"HiFiASM, WASP v1.0, Digger v0.7.4",,,,manual,,,custom,,P37_I56_S1,,
PRJNA1207082,,"{""id"": ""NCIT: C16084"", ""label"": ""Observational Study""}",,,NIH R24AI162317,"Amit, Upad.",,Emory National Primate Research Center,"Room #2040 954 Gatewood NE Road, Atlanta, 30329, GA","Stacey, Lapp",,,RLk15,,"{""id"": ""NCBITAXON: 9544"", ""label"": ""Rhesus macaque""}",,,,"{""id"": null, ""label"": null}",,,,,,,,,,,,,,,,SAMN46489211,peripheral blood sample,"{""label"": ""blood"", ""id"": ""UBERON:0000178""}",Saphenous vein,,,"{""id"": null, ""label"": null}",,Emory National Primate Research Center,PBMCs Isolation,,,"{""id"": null, ""label"": null}",FALSE,,,,,,,DNA,,,,IG-Capture,amplification and capture by hybridization of genomic dna to enrich nucleic acid sequences from IG genomic loci,,,,,,,,,SEQUELII,University of Louisville Sequencing Technology Center,,,,BAM,,,,,,,TRUE,"HiFiASM, WASP v1.0, Digger v0.7.4",,,,manual,,,custom,,P37_I57_S1,,
PRJNA1207082,,"{""id"": ""NCIT: C16084"", ""label"": ""Observational Study""}",,,NIH R24AI162317,"Amit, Upad.",,Emory National Primate Research Center,"Room #2040 954 Gatewood NE Road, Atlanta, 30329, GA","Stacey, Lapp",,,RLk17,,"{""id"": ""NCBITAXON: 9544"", ""label"": ""Rhesus macaque""}",,,,"{""id"": null, ""label"": null}",,,,,,,,,,,,,,,,SAMN46489212,peripheral blood sample,"{""label"": ""blood"", ""id"": ""UBERON:0000178""}",Saphenous vein,,,"{""id"": null, ""label"": null}",,Emory National Primate Research Center,PBMCs Isolation,,,"{""id"": null, ""label"": null}",FALSE,,,,,,,DNA,,,,IG-Capture,amplification and capture by hybridization of genomic dna to enrich nucleic acid sequences from IG genomic loci,,,,,,,,,SEQUELII,University of Louisville Sequencing Technology Center,,,,BAM,,,,,,,TRUE,"HiFiASM, WASP v1.0, Digger v0.7.4",,,,manual,,,custom,,P37_I58_S1,,
PRJNA1207082,,"{""id"": ""NCIT: C16084"", ""label"": ""Observational Study""}",,,NIH R24AI162317,"Amit, Upad.",,Emory National Primate Research Center,"Room #2040 954 Gatewood NE Road, Atlanta, 30329, GA","Stacey, Lapp",,,RLs14,,"{""id"": ""NCBITAXON: 9544"", ""label"": ""Rhesus macaque""}",,,,"{""id"": null, ""label"": null}",,,,,,,,,,,,,,,,SAMN46489213,peripheral blood sample,"{""label"": ""blood"", ""id"": ""UBERON:0000178""}",Saphenous vein,,,"{""id"": null, ""label"": null}",,Emory National Primate Research Center,PBMCs Isolation,,,"{""id"": null, ""label"": null}",FALSE,,,,,,,DNA,,,,IG-Capture,amplification and capture by hybridization of genomic dna to enrich nucleic acid sequences from IG genomic loci,,,,,,,,,SEQUELII,University of Louisville Sequencing Technology Center,,,,BAM,,,,,,,TRUE,"HiFiASM, WASP v1.0, Digger v0.7.4",,,,manual,,,custom,,P37_I59_S1,,
PRJNA1207082,,"{""id"": ""NCIT: C16084"", ""label"": ""Observational Study""}",,,NIH R24AI162317,"Amit, Upad.",,Emory National Primate Research Center,"Room #2040 954 Gatewood NE Road, Atlanta, 30329, GA","Stacey, Lapp",,,RLw17,,"{""id"": ""NCBITAXON: 9544"", ""label"": ""Rhesus macaque""}",,,,"{""id"": null, ""label"": null}",,,,,,,,,,,,,,,,SAMN46489214,peripheral blood sample,"{""label"": ""blood"", ""id"": ""UBERON:0000178""}",Saphenous vein,,,"{""id"": null, ""label"": null}",,Emory National Primate Research Center,PBMCs Isolation,,,"{""id"": null, ""label"": null}",FALSE,,,,,,,DNA,,,,IG-Capture,amplification and capture by hybridization of genomic dna to enrich nucleic acid sequences from IG genomic loci,,,,,,,,,SEQUELII,University of Louisville Sequencing Technology Center,,,,BAM,,,,,,,TRUE,"HiFiASM, WASP v1.0, Digger v0.7.4",,,,manual,,,custom,,P37_I60_S1,,
PRJNA1207082,,"{""id"": ""NCIT: C16084"", ""label"": ""Observational Study""}",,,NIH R24AI162317,"Amit, Upad.",,Emory National Primate Research Center,"Room #2040 954 Gatewood NE Road, Atlanta, 30329, GA","Stacey, Lapp",,,RNo15,,"{""id"": ""NCBITAXON: 9544"", ""label"": ""Rhesus macaque""}",,,,"{""id"": null, ""label"": null}",,,,,,,,,,,,,,,,SAMN46489215,peripheral blood sample,"{""label"": ""blood"", ""id"": ""UBERON:0000178""}",Saphenous vein,,,"{""id"": null, ""label"": null}",,Emory National Primate Research Center,PBMCs Isolation,,,"{""id"": null, ""label"": null}",FALSE,,,,,,,DNA,,,,IG-Capture,amplification and capture by hybridization of genomic dna to enrich nucleic acid sequences from IG genomic loci,,,,,,,,,SEQUELII,University of Louisville Sequencing Technology Center,,,,BAM,,,,,,,TRUE,"HiFiASM, WASP v1.0, Digger v0.7.4",,,,manual,,,custom,,P37_I61_S1,,
PRJNA1207082,,"{""id"": ""NCIT: C16084"", ""label"": ""Observational Study""}",,,NIH R24AI162317,"Amit, Upad.",,Emory National Primate Research Center,"Room #2040 954 Gatewood NE Road, Atlanta, 30329, GA","Stacey, Lapp",,,ROa17,,"{""id"": ""NCBITAXON: 9544"", ""label"": ""Rhesus macaque""}",,,,"{""id"": null, ""label"": null}",,,,,,,,,,,,,,,,SAMN46489216,peripheral blood sample,"{""label"": ""blood"", ""id"": ""UBERON:0000178""}",Saphenous vein,,,"{""id"": null, ""label"": null}",,Emory National Primate Research Center,PBMCs Isolation,,,"{""id"": null, ""label"": null}",FALSE,,,,,,,DNA,,,,IG-Capture,amplification and capture by hybridization of genomic dna to enrich nucleic acid sequences from IG genomic loci,,,,,,,,,SEQUELII,University of Louisville Sequencing Technology Center,,,,BAM,,,,,,,TRUE,"HiFiASM, WASP v1.0, Digger v0.7.4",,,,manual,,,custom,,P37_I62_S1,,
PRJNA1207082,,"{""id"": ""NCIT: C16084"", ""label"": ""Observational Study""}",,,NIH R24AI162317,"Amit, Upad.",,Emory National Primate Research Center,"Room #2040 954 Gatewood NE Road, Atlanta, 30329, GA","Stacey, Lapp",,,ROi16,,"{""id"": ""NCBITAXON: 9544"", ""label"": ""Rhesus macaque""}",,,,"{""id"": null, ""label"": null}",,,,,,,,,,,,,,,,SAMN46489217,peripheral blood sample,"{""label"": ""blood"", ""id"": ""UBERON:0000178""}",Saphenous vein,,,"{""id"": null, ""label"": null}",,Emory National Primate Research Center,PBMCs Isolation,,,"{""id"": null, ""label"": null}",FALSE,,,,,,,DNA,,,,IG-Capture,amplification and capture by hybridization of genomic dna to enrich nucleic acid sequences from IG genomic loci,,,,,,,,,SEQUELII,University of Louisville Sequencing Technology Center,,,,BAM,,,,,,,TRUE,"HiFiASM, WASP v1.0, Digger v0.7.4",,,,manual,,,custom,,P37_I63_S1,,
PRJNA1207082,,"{""id"": ""NCIT: C16084"", ""label"": ""Observational Study""}",,,NIH R24AI162317,"Amit, Upad.",,Emory National Primate Research Center,"Room #2040 954 Gatewood NE Road, Atlanta, 30329, GA","Stacey, Lapp",,,ROi17,,"{""id"": ""NCBITAXON: 9544"", ""label"": ""Rhesus macaque""}",,,,"{""id"": null, ""label"": null}",,,,,,,,,,,,,,,,SAMN46489218,peripheral blood sample,"{""label"": ""blood"", ""id"": ""UBERON:0000178""}",Saphenous vein,,,"{""id"": null, ""label"": null}",,Emory National Primate Research Center,PBMCs Isolation,,,"{""id"": null, ""label"": null}",FALSE,,,,,,,DNA,,,,IG-Capture,amplification and capture by hybridization of genomic dna to enrich nucleic acid sequences from IG genomic loci,,,,,,,,,SEQUELII,University of Louisville Sequencing Technology Center,,,,BAM,,,,,,,TRUE,"HiFiASM, WASP v1.0, Digger v0.7.4",,,,manual,,,custom,,P37_I64_S1,,
PRJNA1207082,,"{""id"": ""NCIT: C16084"", ""label"": ""Observational Study""}",,,NIH R24AI162317,"Amit, Upad.",,Emory National Primate Research Center,"Room #2040 954 Gatewood NE Road, Atlanta, 30329, GA","Stacey, Lapp",,,ROv16,,"{""id"": ""NCBITAXON: 9544"", ""label"": ""Rhesus macaque""}",,,,"{""id"": null, ""label"": null}",,,,,,,,,,,,,,,,SAMN46489219,peripheral blood sample,"{""label"": ""blood"", ""id"": ""UBERON:0000178""}",Saphenous vein,,,"{""id"": null, ""label"": null}",,Emory National Primate Research Center,PBMCs Isolation,,,"{""id"": null, ""label"": null}",FALSE,,,,,,,DNA,,,,IG-Capture,amplification and capture by hybridization of genomic dna to enrich nucleic acid sequences from IG genomic loci,,,,,,,,,SEQUELII,University of Louisville Sequencing Technology Center,,,,BAM,,,,,,,TRUE,"HiFiASM, WASP v1.0, Digger v0.7.4",,,,manual,,,custom,,P37_I65_S1,,
PRJNA1207082,,"{""id"": ""NCIT: C16084"", ""label"": ""Observational Study""}",,,NIH R24AI162317,"Amit, Upad.",,Emory National Primate Research Center,"Room #2040 954 Gatewood NE Road, Atlanta, 30329, GA","Stacey, Lapp",,,RPe16,,"{""id"": ""NCBITAXON: 9544"", ""label"": ""Rhesus macaque""}",,,,"{""id"": null, ""label"": null}",,,,,,,,,,,,,,,,SAMN46489220,peripheral blood sample,"{""label"": ""blood"", ""id"": ""UBERON:0000178""}",Saphenous vein,,,"{""id"": null, ""label"": null}",,Emory National Primate Research Center,PBMCs Isolation,,,"{""id"": null, ""label"": null}",FALSE,,,,,,,DNA,,,,IG-Capture,amplification and capture by hybridization of genomic dna to enrich nucleic acid sequences from IG genomic loci,,,,,,,,,SEQUELII,University of Louisville Sequencing Technology Center,,,,BAM,,,,,,,TRUE,"HiFiASM, WASP v1.0, Digger v0.7.4",,,,manual,,,custom,,P37_I66_S1,,
PRJNA1207082,,"{""id"": ""NCIT: C16084"", ""label"": ""Observational Study""}",,,NIH R24AI162317,"Amit, Upad.",,Emory National Primate Research Center,"Room #2040 954 Gatewood NE Road, Atlanta, 30329, GA","Stacey, Lapp",,,RPh17,,"{""id"": ""NCBITAXON: 9544"", ""label"": ""Rhesus macaque""}",,,,"{""id"": null, ""label"": null}",,,,,,,,,,,,,,,,SAMN46489221,peripheral blood sample,"{""label"": ""blood"", ""id"": ""UBERON:0000178""}",Saphenous vein,,,"{""id"": null, ""label"": null}",,Emory National Primate Research Center,PBMCs Isolation,,,"{""id"": null, ""label"": null}",FALSE,,,,,,,DNA,,,,IG-Capture,amplification and capture by hybridization of genomic dna to enrich nucleic acid sequences from IG genomic loci,,,,,,,,,SEQUELII,University of Louisville Sequencing Technology Center,,,,BAM,,,,,,,TRUE,"HiFiASM, WASP v1.0, Digger v0.7.4",,,,manual,,,custom,,P37_I67_S1,,
PRJNA1207082,,"{""id"": ""NCIT: C16084"", ""label"": ""Observational Study""}",,,NIH R24AI162317,"Amit, Upad.",,Emory National Primate Research Center,"Room #2040 954 Gatewood NE Road, Atlanta, 30329, GA","Stacey, Lapp",,,RPs18,,"{""id"": ""NCBITAXON: 9544"", ""label"": ""Rhesus macaque""}",,,,"{""id"": null, ""label"": null}",,,,,,,,,,,,,,,,SAMN46489222,peripheral blood sample,"{""label"": ""blood"", ""id"": ""UBERON:0000178""}",Saphenous vein,,,"{""id"": null, ""label"": null}",,Emory National Primate Research Center,PBMCs Isolation,,,"{""id"": null, ""label"": null}",FALSE,,,,,,,DNA,,,,IG-Capture,amplification and capture by hybridization of genomic dna to enrich nucleic acid sequences from IG genomic loci,,,,,,,,,SEQUELII,University of Louisville Sequencing Technology Center,,,,BAM,,,,,,,TRUE,"HiFiASM, WASP v1.0, Digger v0.7.4",,,,manual,,,custom,,P37_I68_S1,,
PRJNA1207082,,"{""id"": ""NCIT: C16084"", ""label"": ""Observational Study""}",,,NIH R24AI162317,"Amit, Upad.",,Emory National Primate Research Center,"Room #2040 954 Gatewood NE Road, Atlanta, 30329, GA","Stacey, Lapp",,,RPw17,,"{""id"": ""NCBITAXON: 9544"", ""label"": ""Rhesus macaque""}",,,,"{""id"": null, ""label"": null}",,,,,,,,,,,,,,,,SAMN46489223,peripheral blood sample,"{""label"": ""blood"", ""id"": ""UBERON:0000178""}",Saphenous vein,,,"{""id"": null, ""label"": null}",,Emory National Primate Research Center,PBMCs Isolation,,,"{""id"": null, ""label"": null}",FALSE,,,,,,,DNA,,,,IG-Capture,amplification and capture by hybridization of genomic dna to enrich nucleic acid sequences from IG genomic loci,,,,,,,,,SEQUELII,University of Louisville Sequencing Technology Center,,,,BAM,,,,,,,TRUE,"HiFiASM, WASP v1.0, Digger v0.7.4",,,,manual,,,custom,,P37_I69_S1,,
PRJNA1207082,,"{""id"": ""NCIT: C16084"", ""label"": ""Observational Study""}",,,NIH R24AI162317,"Amit, Upad.",,Emory National Primate Research Center,"Room #2040 954 Gatewood NE Road, Atlanta, 30329, GA","Stacey, Lapp",,,RPz16,,"{""id"": ""NCBITAXON: 9544"", ""label"": ""Rhesus macaque""}",,,,"{""id"": null, ""label"": null}",,,,,,,,,,,,,,,,SAMN46489224,peripheral blood sample,"{""label"": ""blood"", ""id"": ""UBERON:0000178""}",Saphenous vein,,,"{""id"": null, ""label"": null}",,Emory National Primate Research Center,PBMCs Isolation,,,"{""id"": null, ""label"": null}",FALSE,,,,,,,DNA,,,,IG-Capture,amplification and capture by hybridization of genomic dna to enrich nucleic acid sequences from IG genomic loci,,,,,,,,,SEQUELII,University of Louisville Sequencing Technology Center,,,,BAM,,,,,,,TRUE,"HiFiASM, WASP v1.0, Digger v0.7.4",,,,manual,,,custom,,P37_I70_S1,,
PRJNA1207082,,"{""id"": ""NCIT: C16084"", ""label"": ""Observational Study""}",,,NIH R24AI162317,"Amit, Upad.",,Emory National Primate Research Center,"Room #2040 954 Gatewood NE Road, Atlanta, 30329, GA","Stacey, Lapp",,,RQa19,,"{""id"": ""NCBITAXON: 9544"", ""label"": ""Rhesus macaque""}",,,,"{""id"": null, ""label"": null}",,,,,,,,,,,,,,,,SAMN46489225,peripheral blood sample,"{""label"": ""blood"", ""id"": ""UBERON:0000178""}",Saphenous vein,,,"{""id"": null, ""label"": null}",,Emory National Primate Research Center,PBMCs Isolation,,,"{""id"": null, ""label"": null}",FALSE,,,,,,,DNA,,,,IG-Capture,amplification and capture by hybridization of genomic dna to enrich nucleic acid sequences from IG genomic loci,,,,,,,,,SEQUELII,University of Louisville Sequencing Technology Center,,,,BAM,,,,,,,TRUE,"HiFiASM, WASP v1.0, Digger v0.7.4",,,,manual,,,custom,,P37_I71_S1,,
PRJNA1207082,,"{""id"": ""NCIT: C16084"", ""label"": ""Observational Study""}",,,NIH R24AI162317,"Amit, Upad.",,Emory National Primate Research Center,"Room #2040 954 Gatewood NE Road, Atlanta, 30329, GA","Stacey, Lapp",,,RQh20,,"{""id"": ""NCBITAXON: 9544"", ""label"": ""Rhesus macaque""}",,,,"{""id"": null, ""label"": null}",,,,,,,,,,,,,,,,SAMN46489226,peripheral blood sample,"{""label"": ""blood"", ""id"": ""UBERON:0000178""}",Saphenous vein,,,"{""id"": null, ""label"": null}",,Emory National Primate Research Center,PBMCs Isolation,,,"{""id"": null, ""label"": null}",FALSE,,,,,,,DNA,,,,IG-Capture,amplification and capture by hybridization of genomic dna to enrich nucleic acid sequences from IG genomic loci,,,,,,,,,SEQUELII,University of Louisville Sequencing Technology Center,,,,BAM,,,,,,,TRUE,"HiFiASM, WASP v1.0, Digger v0.7.4",,,,manual,,,custom,,P37_I72_S1,,
PRJNA1207082,,"{""id"": ""NCIT: C16084"", ""label"": ""Observational Study""}",,,NIH R24AI162317,"Amit, Upad.",,Emory National Primate Research Center,"Room #2040 954 Gatewood NE Road, Atlanta, 30329, GA","Stacey, Lapp",,,RQp17,,"{""id"": ""NCBITAXON: 9544"", ""label"": ""Rhesus macaque""}",,,,"{""id"": null, ""label"": null}",,,,,,,,,,,,,,,,SAMN46489227,peripheral blood sample,"{""label"": ""blood"", ""id"": ""UBERON:0000178""}",Saphenous vein,,,"{""id"": null, ""label"": null}",,Emory National Primate Research Center,PBMCs Isolation,,,"{""id"": null, ""label"": null}",FALSE,,,,,,,DNA,,,,IG-Capture,amplification and capture by hybridization of genomic dna to enrich nucleic acid sequences from IG genomic loci,,,,,,,,,SEQUELII,University of Louisville Sequencing Technology Center,,,,BAM,,,,,,,TRUE,"HiFiASM, WASP v1.0, Digger v0.7.4",,,,manual,,,custom,,P37_I73_S1,,
PRJNA1207082,,"{""id"": ""NCIT: C16084"", ""label"": ""Observational Study""}",,,NIH R24AI162317,"Amit, Upad.",,Emory National Primate Research Center,"Room #2040 954 Gatewood NE Road, Atlanta, 30329, GA","Stacey, Lapp",,,RQr11,,"{""id"": ""NCBITAXON: 9544"", ""label"": ""Rhesus macaque""}",,,,"{""id"": null, ""label"": null}",,,,,,,,,,,,,,,,SAMN46489228,peripheral blood sample,"{""label"": ""blood"", ""id"": ""UBERON:0000178""}",Saphenous vein,,,"{""id"": null, ""label"": null}",,Emory National Primate Research Center,PBMCs Isolation,,,"{""id"": null, ""label"": null}",FALSE,,,,,,,DNA,,,,IG-Capture,amplification and capture by hybridization of genomic dna to enrich nucleic acid sequences from IG genomic loci,,,,,,,,,SEQUELII,University of Louisville Sequencing Technology Center,,,,BAM,,,,,,,TRUE,"HiFiASM, WASP v1.0, Digger v0.7.4",,,,manual,,,custom,,P37_I74_S1,,
PRJNA1207082,,"{""id"": ""NCIT: C16084"", ""label"": ""Observational Study""}",,,NIH R24AI162317,"Amit, Upad.",,Emory National Primate Research Center,"Room #2040 954 Gatewood NE Road, Atlanta, 30329, GA","Stacey, Lapp",,,RQr20,,"{""id"": ""NCBITAXON: 9544"", ""label"": ""Rhesus macaque""}",,,,"{""id"": null, ""label"": null}",,,,,,,,,,,,,,,,SAMN46489229,peripheral blood sample,"{""label"": ""blood"", ""id"": ""UBERON:0000178""}",Saphenous vein,,,"{""id"": null, ""label"": null}",,Emory National Primate Research Center,PBMCs Isolation,,,"{""id"": null, ""label"": null}",FALSE,,,,,,,DNA,,,,IG-Capture,amplification and capture by hybridization of genomic dna to enrich nucleic acid sequences from IG genomic loci,,,,,,,,,SEQUELII,University of Louisville Sequencing Technology Center,,,,BAM,,,,,,,TRUE,"HiFiASM, WASP v1.0, Digger v0.7.4",,,,manual,,,custom,,P37_I75_S1,,
PRJNA1207082,,"{""id"": ""NCIT: C16084"", ""label"": ""Observational Study""}",,,NIH R24AI162317,"Amit, Upad.",,Emory National Primate Research Center,"Room #2040 954 Gatewood NE Road, Atlanta, 30329, GA","Stacey, Lapp",,,RQw15,,"{""id"": ""NCBITAXON: 9544"", ""label"": ""Rhesus macaque""}",,,,"{""id"": null, ""label"": null}",,,,,,,,,,,,,,,,SAMN46489230,peripheral blood sample,"{""label"": ""blood"", ""id"": ""UBERON:0000178""}",Saphenous vein,,,"{""id"": null, ""label"": null}",,Emory National Primate Research Center,PBMCs Isolation,,,"{""id"": null, ""label"": null}",FALSE,,,,,,,DNA,,,,IG-Capture,amplification and capture by hybridization of genomic dna to enrich nucleic acid sequences from IG genomic loci,,,,,,,,,SEQUELII,University of Louisville Sequencing Technology Center,,,,BAM,,,,,,,TRUE,"HiFiASM, WASP v1.0, Digger v0.7.4",,,,manual,,,custom,,P37_I76_S1,,
PRJNA1207082,,"{""id"": ""NCIT: C16084"", ""label"": ""Observational Study""}",,,NIH R24AI162317,"Amit, Upad.",,Emory National Primate Research Center,"Room #2040 954 Gatewood NE Road, Atlanta, 30329, GA","Stacey, Lapp",,,RRb11,,"{""id"": ""NCBITAXON: 9544"", ""label"": ""Rhesus macaque""}",,,,"{""id"": null, ""label"": null}",,,,,,,,,,,,,,,,SAMN46489231,peripheral blood sample,"{""label"": ""blood"", ""id"": ""UBERON:0000178""}",Saphenous vein,,,"{""id"": null, ""label"": null}",,Emory National Primate Research Center,PBMCs Isolation,,,"{""id"": null, ""label"": null}",FALSE,,,,,,,DNA,,,,IG-Capture,amplification and capture by hybridization of genomic dna to enrich nucleic acid sequences from IG genomic loci,,,,,,,,,SEQUELII,University of Louisville Sequencing Technology Center,,,,BAM,,,,,,,TRUE,"HiFiASM, WASP v1.0, Digger v0.7.4",,,,manual,,,custom,,P37_I77_S1,,
PRJNA1207082,,"{""id"": ""NCIT: C16084"", ""label"": ""Observational Study""}",,,NIH R24AI162317,"Amit, Upad.",,Emory National Primate Research Center,"Room #2040 954 Gatewood NE Road, Atlanta, 30329, GA","Stacey, Lapp",,,RRb17,,"{""id"": ""NCBITAXON: 9544"", ""label"": ""Rhesus macaque""}",,,,"{""id"": null, ""label"": null}",,,,,,,,,,,,,,,,SAMN46489232,peripheral blood sample,"{""label"": ""blood"", ""id"": ""UBERON:0000178""}",Saphenous vein,,,"{""id"": null, ""label"": null}",,Emory National Primate Research Center,PBMCs Isolation,,,"{""id"": null, ""label"": null}",FALSE,,,,,,,DNA,,,,IG-Capture,amplification and capture by hybridization of genomic dna to enrich nucleic acid sequences from IG genomic loci,,,,,,,,,SEQUELII,University of Louisville Sequencing Technology Center,,,,BAM,,,,,,,TRUE,"HiFiASM, WASP v1.0, Digger v0.7.4",,,,manual,,,custom,,P37_I78_S1,,
PRJNA1207082,,"{""id"": ""NCIT: C16084"", ""label"": ""Observational Study""}",,,NIH R24AI162317,"Amit, Upad.",,Emory National Primate Research Center,"Room #2040 954 Gatewood NE Road, Atlanta, 30329, GA","Stacey, Lapp",,,RRb19,,"{""id"": ""NCBITAXON: 9544"", ""label"": ""Rhesus macaque""}",,,,"{""id"": null, ""label"": null}",,,,,,,,,,,,,,,,SAMN46489233,peripheral blood sample,"{""label"": ""blood"", ""id"": ""UBERON:0000178""}",Saphenous vein,,,"{""id"": null, ""label"": null}",,Emory National Primate Research Center,PBMCs Isolation,,,"{""id"": null, ""label"": null}",FALSE,,,,,,,DNA,,,,IG-Capture,amplification and capture by hybridization of genomic dna to enrich nucleic acid sequences from IG genomic loci,,,,,,,,,SEQUELII,University of Louisville Sequencing Technology Center,,,,BAM,,,,,,,TRUE,"HiFiASM, WASP v1.0, Digger v0.7.4",,,,manual,,,custom,,P37_I79_S1,,
PRJNA1207082,,"{""id"": ""NCIT: C16084"", ""label"": ""Observational Study""}",,,NIH R24AI162317,"Amit, Upad.",,Emory National Primate Research Center,"Room #2040 954 Gatewood NE Road, Atlanta, 30329, GA","Stacey, Lapp",,,RRr14,,"{""id"": ""NCBITAXON: 9544"", ""label"": ""Rhesus macaque""}",,,,"{""id"": null, ""label"": null}",,,,,,,,,,,,,,,,SAMN46489234,peripheral blood sample,"{""label"": ""blood"", ""id"": ""UBERON:0000178""}",Saphenous vein,,,"{""id"": null, ""label"": null}",,Emory National Primate Research Center,PBMCs Isolation,,,"{""id"": null, ""label"": null}",FALSE,,,,,,,DNA,,,,IG-Capture,amplification and capture by hybridization of genomic dna to enrich nucleic acid sequences from IG genomic loci,,,,,,,,,SEQUELII,University of Louisville Sequencing Technology Center,,,,BAM,,,,,,,TRUE,"HiFiASM, WASP v1.0, Digger v0.7.4",,,,manual,,,custom,,P37_I80_S1,,
PRJNA1207082,,"{""id"": ""NCIT: C16084"", ""label"": ""Observational Study""}",,,NIH R24AI162317,"Amit, Upad.",,Emory National Primate Research Center,"Room #2040 954 Gatewood NE Road, Atlanta, 30329, GA","Stacey, Lapp",,,RRt20,,"{""id"": ""NCBITAXON: 9544"", ""label"": ""Rhesus macaque""}",,,,"{""id"": null, ""label"": null}",,,,,,,,,,,,,,,,SAMN46489235,peripheral blood sample,"{""label"": ""blood"", ""id"": ""UBERON:0000178""}",Saphenous vein,,,"{""id"": null, ""label"": null}",,Emory National Primate Research Center,PBMCs Isolation,,,"{""id"": null, ""label"": null}",FALSE,,,,,,,DNA,,,,IG-Capture,amplification and capture by hybridization of genomic dna to enrich nucleic acid sequences from IG genomic loci,,,,,,,,,SEQUELII,University of Louisville Sequencing Technology Center,,,,BAM,,,,,,,TRUE,"HiFiASM, WASP v1.0, Digger v0.7.4",,,,manual,,,custom,,P37_I81_S1,,
PRJNA1207082,,"{""id"": ""NCIT: C16084"", ""label"": ""Observational Study""}",,,NIH R24AI162317,"Amit, Upad.",,Emory National Primate Research Center,"Room #2040 954 Gatewood NE Road, Atlanta, 30329, GA","Stacey, Lapp",,,RRv14,,"{""id"": ""NCBITAXON: 9544"", ""label"": ""Rhesus macaque""}",,,,"{""id"": null, ""label"": null}",,,,,,,,,,,,,,,,SAMN46489236,peripheral blood sample,"{""label"": ""blood"", ""id"": ""UBERON:0000178""}",Saphenous vein,,,"{""id"": null, ""label"": null}",,Emory National Primate Research Center,PBMCs Isolation,,,"{""id"": null, ""label"": null}",FALSE,,,,,,,DNA,,,,IG-Capture,amplification and capture by hybridization of genomic dna to enrich nucleic acid sequences from IG genomic loci,,,,,,,,,SEQUELII,University of Louisville Sequencing Technology Center,,,,BAM,,,,,,,TRUE,"HiFiASM, WASP v1.0, Digger v0.7.4",,,,manual,,,custom,,P37_I82_S1,,
PRJNA1207082,,"{""id"": ""NCIT: C16084"", ""label"": ""Observational Study""}",,,NIH R24AI162317,"Amit, Upad.",,Emory National Primate Research Center,"Room #2040 954 Gatewood NE Road, Atlanta, 30329, GA","Stacey, Lapp",,,RSb17,,"{""id"": ""NCBITAXON: 9544"", ""label"": ""Rhesus macaque""}",,,,"{""id"": null, ""label"": null}",,,,,,,,,,,,,,,,SAMN46489237,peripheral blood sample,"{""label"": ""blood"", ""id"": ""UBERON:0000178""}",Saphenous vein,,,"{""id"": null, ""label"": null}",,Emory National Primate Research Center,PBMCs Isolation,,,"{""id"": null, ""label"": null}",FALSE,,,,,,,DNA,,,,IG-Capture,amplification and capture by hybridization of genomic dna to enrich nucleic acid sequences from IG genomic loci,,,,,,,,,SEQUELII,University of Louisville Sequencing Technology Center,,,,BAM,,,,,,,TRUE,"HiFiASM, WASP v1.0, Digger v0.7.4",,,,manual,,,custom,,P37_I83_S1,,
PRJNA1207082,,"{""id"": ""NCIT: C16084"", ""label"": ""Observational Study""}",,,NIH R24AI162317,"Amit, Upad.",,Emory National Primate Research Center,"Room #2040 954 Gatewood NE Road, Atlanta, 30329, GA","Stacey, Lapp",,,RSf16,,"{""id"": ""NCBITAXON: 9544"", ""label"": ""Rhesus macaque""}",,,,"{""id"": null, ""label"": null}",,,,,,,,,,,,,,,,SAMN46489238,peripheral blood sample,"{""label"": ""blood"", ""id"": ""UBERON:0000178""}",Saphenous vein,,,"{""id"": null, ""label"": null}",,Emory National Primate Research Center,PBMCs Isolation,,,"{""id"": null, ""label"": null}",FALSE,,,,,,,DNA,,,,IG-Capture,amplification and capture by hybridization of genomic dna to enrich nucleic acid sequences from IG genomic loci,,,,,,,,,SEQUELII,University of Louisville Sequencing Technology Center,,,,BAM,,,,,,,TRUE,"HiFiASM, WASP v1.0, Digger v0.7.4",,,,manual,,,custom,,P37_I84_S1,,
PRJNA1207082,,"{""id"": ""NCIT: C16084"", ""label"": ""Observational Study""}",,,NIH R24AI162317,"Amit, Upad.",,Emory National Primate Research Center,"Room #2040 954 Gatewood NE Road, Atlanta, 30329, GA","Stacey, Lapp",,,RSo20,,"{""id"": ""NCBITAXON: 9544"", ""label"": ""Rhesus macaque""}",,,,"{""id"": null, ""label"": null}",,,,,,,,,,,,,,,,SAMN46489239,peripheral blood sample,"{""label"": ""blood"", ""id"": ""UBERON:0000178""}",Saphenous vein,,,"{""id"": null, ""label"": null}",,Emory National Primate Research Center,PBMCs Isolation,,,"{""id"": null, ""label"": null}",FALSE,,,,,,,DNA,,,,IG-Capture,amplification and capture by hybridization of genomic dna to enrich nucleic acid sequences from IG genomic loci,,,,,,,,,SEQUELII,University of Louisville Sequencing Technology Center,,,,BAM,,,,,,,TRUE,"HiFiASM, WASP v1.0, Digger v0.7.4",,,,manual,,,custom,,P37_I85_S1,,
PRJNA1207082,,"{""id"": ""NCIT: C16084"", ""label"": ""Observational Study""}",,,NIH R24AI162317,"Amit, Upad.",,Emory National Primate Research Center,"Room #2040 954 Gatewood NE Road, Atlanta, 30329, GA","Stacey, Lapp",,,RSq16,,"{""id"": ""NCBITAXON: 9544"", ""label"": ""Rhesus macaque""}",,,,"{""id"": null, ""label"": null}",,,,,,,,,,,,,,,,SAMN46489240,peripheral blood sample,"{""label"": ""blood"", ""id"": ""UBERON:0000178""}",Saphenous vein,,,"{""id"": null, ""label"": null}",,Emory National Primate Research Center,PBMCs Isolation,,,"{""id"": null, ""label"": null}",FALSE,,,,,,,DNA,,,,IG-Capture,amplification and capture by hybridization of genomic dna to enrich nucleic acid sequences from IG genomic loci,,,,,,,,,SEQUELII,University of Louisville Sequencing Technology Center,,,,BAM,,,,,,,TRUE,"HiFiASM, WASP v1.0, Digger v0.7.4",,,,manual,,,custom,,P37_I86_S1,,
PRJNA1207082,,"{""id"": ""NCIT: C16084"", ""label"": ""Observational Study""}",,,NIH R24AI162317,"Amit, Upad.",,Emory National Primate Research Center,"Room #2040 954 Gatewood NE Road, Atlanta, 30329, GA","Stacey, Lapp",,,RSq17,,"{""id"": ""NCBITAXON: 9544"", ""label"": ""Rhesus macaque""}",,,,"{""id"": null, ""label"": null}",,,,,,,,,,,,,,,,SAMN46489241,peripheral blood sample,"{""label"": ""blood"", ""id"": ""UBERON:0000178""}",Saphenous vein,,,"{""id"": null, ""label"": null}",,Emory National Primate Research Center,PBMCs Isolation,,,"{""id"": null, ""label"": null}",FALSE,,,,,,,DNA,,,,IG-Capture,amplification and capture by hybridization of genomic dna to enrich nucleic acid sequences from IG genomic loci,,,,,,,,,SEQUELII,University of Louisville Sequencing Technology Center,,,,BAM,,,,,,,TRUE,"HiFiASM, WASP v1.0, Digger v0.7.4",,,,manual,,,custom,,P37_I87_S1,,
PRJNA1207082,,"{""id"": ""NCIT: C16084"", ""label"": ""Observational Study""}",,,NIH R24AI162317,"Amit, Upad.",,Emory National Primate Research Center,"Room #2040 954 Gatewood NE Road, Atlanta, 30329, GA","Stacey, Lapp",,,RTe17,,"{""id"": ""NCBITAXON: 9544"", ""label"": ""Rhesus macaque""}",,,,"{""id"": null, ""label"": null}",,,,,,,,,,,,,,,,SAMN46489242,peripheral blood sample,"{""label"": ""blood"", ""id"": ""UBERON:0000178""}",Saphenous vein,,,"{""id"": null, ""label"": null}",,Emory National Primate Research Center,PBMCs Isolation,,,"{""id"": null, ""label"": null}",FALSE,,,,,,,DNA,,,,IG-Capture,amplification and capture by hybridization of genomic dna to enrich nucleic acid sequences from IG genomic loci,,,,,,,,,SEQUELII,University of Louisville Sequencing Technology Center,,,,BAM,,,,,,,TRUE,"HiFiASM, WASP v1.0, Digger v0.7.4",,,,manual,,,custom,,P37_I88_S1,,
PRJNA1207082,,"{""id"": ""NCIT: C16084"", ""label"": ""Observational Study""}",,,NIH R24AI162317,"Amit, Upad.",,Emory National Primate Research Center,"Room #2040 954 Gatewood NE Road, Atlanta, 30329, GA","Stacey, Lapp",,,RTm17,,"{""id"": ""NCBITAXON: 9544"", ""label"": ""Rhesus macaque""}",,,,"{""id"": null, ""label"": null}",,,,,,,,,,,,,,,,SAMN46489243,peripheral blood sample,"{""label"": ""blood"", ""id"": ""UBERON:0000178""}",Saphenous vein,,,"{""id"": null, ""label"": null}",,Emory National Primate Research Center,PBMCs Isolation,,,"{""id"": null, ""label"": null}",FALSE,,,,,,,DNA,,,,IG-Capture,amplification and capture by hybridization of genomic dna to enrich nucleic acid sequences from IG genomic loci,,,,,,,,,SEQUELII,University of Louisville Sequencing Technology Center,,,,BAM,,,,,,,TRUE,"HiFiASM, WASP v1.0, Digger v0.7.4",,,,manual,,,custom,,P37_I89_S1,,
PRJNA1207082,,"{""id"": ""NCIT: C16084"", ""label"": ""Observational Study""}",,,NIH R24AI162317,"Amit, Upad.",,Emory National Primate Research Center,"Room #2040 954 Gatewood NE Road, Atlanta, 30329, GA","Stacey, Lapp",,,RTo20,,"{""id"": ""NCBITAXON: 9544"", ""label"": ""Rhesus macaque""}",,,,"{""id"": null, ""label"": null}",,,,,,,,,,,,,,,,SAMN46489244,peripheral blood sample,"{""label"": ""blood"", ""id"": ""UBERON:0000178""}",Saphenous vein,,,"{""id"": null, ""label"": null}",,Emory National Primate Research Center,PBMCs Isolation,,,"{""id"": null, ""label"": null}",FALSE,,,,,,,DNA,,,,IG-Capture,amplification and capture by hybridization of genomic dna to enrich nucleic acid sequences from IG genomic loci,,,,,,,,,SEQUELII,University of Louisville Sequencing Technology Center,,,,BAM,,,,,,,TRUE,"HiFiASM, WASP v1.0, Digger v0.7.4",,,,manual,,,custom,,P37_I90_S1,,
PRJNA1207082,,"{""id"": ""NCIT: C16084"", ""label"": ""Observational Study""}",,,NIH R24AI162317,"Amit, Upad.",,Emory National Primate Research Center,"Room #2040 954 Gatewood NE Road, Atlanta, 30329, GA","Stacey, Lapp",,,RTt13,,"{""id"": ""NCBITAXON: 9544"", ""label"": ""Rhesus macaque""}",,,,"{""id"": null, ""label"": null}",,,,,,,,,,,,,,,,SAMN46489245,peripheral blood sample,"{""label"": ""blood"", ""id"": ""UBERON:0000178""}",Saphenous vein,,,"{""id"": null, ""label"": null}",,Emory National Primate Research Center,PBMCs Isolation,,,"{""id"": null, ""label"": null}",FALSE,,,,,,,DNA,,,,IG-Capture,amplification and capture by hybridization of genomic dna to enrich nucleic acid sequences from IG genomic loci,,,,,,,,,SEQUELII,University of Louisville Sequencing Technology Center,,,,BAM,,,,,,,TRUE,"HiFiASM, WASP v1.0, Digger v0.7.4",,,,manual,,,custom,,P37_I91_S1,,
PRJNA1207082,,"{""id"": ""NCIT: C16084"", ""label"": ""Observational Study""}",,,NIH R24AI162317,"Amit, Upad.",,Emory National Primate Research Center,"Room #2040 954 Gatewood NE Road, Atlanta, 30329, GA","Stacey, Lapp",,,RUg16,,"{""id"": ""NCBITAXON: 9544"", ""label"": ""Rhesus macaque""}",,,,"{""id"": null, ""label"": null}",,,,,,,,,,,,,,,,SAMN46489246,peripheral blood sample,"{""label"": ""blood"", ""id"": ""UBERON:0000178""}",Saphenous vein,,,"{""id"": null, ""label"": null}",,Emory National Primate Research Center,PBMCs Isolation,,,"{""id"": null, ""label"": null}",FALSE,,,,,,,DNA,,,,IG-Capture,amplification and capture by hybridization of genomic dna to enrich nucleic acid sequences from IG genomic loci,,,,,,,,,SEQUELII,University of Louisville Sequencing Technology Center,,,,BAM,,,,,,,TRUE,"HiFiASM, WASP v1.0, Digger v0.7.4",,,,manual,,,custom,,P37_I92_S1,,
PRJNA1207082,,"{""id"": ""NCIT: C16084"", ""label"": ""Observational Study""}",,,NIH R24AI162317,"Amit, Upad.",,Emory National Primate Research Center,"Room #2040 954 Gatewood NE Road, Atlanta, 30329, GA","Stacey, Lapp",,,RUL20,,"{""id"": ""NCBITAXON: 9544"", ""label"": ""Rhesus macaque""}",,,,"{""id"": null, ""label"": null}",,,,,,,,,,,,,,,,SAMN46489247,peripheral blood sample,"{""label"": ""blood"", ""id"": ""UBERON:0000178""}",Saphenous vein,,,"{""id"": null, ""label"": null}",,Emory National Primate Research Center,PBMCs Isolation,,,"{""id"": null, ""label"": null}",FALSE,,,,,,,DNA,,,,IG-Capture,amplification and capture by hybridization of genomic dna to enrich nucleic acid sequences from IG genomic loci,,,,,,,,,SEQUELII,University of Louisville Sequencing Technology Center,,,,BAM,,,,,,,TRUE,"HiFiASM, WASP v1.0, Digger v0.7.4",,,,manual,,,custom,,P37_I93_S1,,
PRJNA1207082,,"{""id"": ""NCIT: C16084"", ""label"": ""Observational Study""}",,,NIH R24AI162317,"Amit, Upad.",,Emory National Primate Research Center,"Room #2040 954 Gatewood NE Road, Atlanta, 30329, GA","Stacey, Lapp",,,RUp16,,"{""id"": ""NCBITAXON: 9544"", ""label"": ""Rhesus macaque""}",,,,"{""id"": null, ""label"": null}",,,,,,,,,,,,,,,,SAMN46489248,peripheral blood sample,"{""label"": ""blood"", ""id"": ""UBERON:0000178""}",Saphenous vein,,,"{""id"": null, ""label"": null}",,Emory National Primate Research Center,PBMCs Isolation,,,"{""id"": null, ""label"": null}",FALSE,,,,,,,DNA,,,,IG-Capture,amplification and capture by hybridization of genomic dna to enrich nucleic acid sequences from IG genomic loci,,,,,,,,,SEQUELII,University of Louisville Sequencing Technology Center,,,,BAM,,,,,,,TRUE,"HiFiASM, WASP v1.0, Digger v0.7.4",,,,manual,,,custom,,P37_I94_S1,,
PRJNA1207082,,"{""id"": ""NCIT: C16084"", ""label"": ""Observational Study""}",,,NIH R24AI162317,"Amit, Upad.",,Emory National Primate Research Center,"Room #2040 954 Gatewood NE Road, Atlanta, 30329, GA","Stacey, Lapp",,,RVe17,,"{""id"": ""NCBITAXON: 9544"", ""label"": ""Rhesus macaque""}",,,,"{""id"": null, ""label"": null}",,,,,,,,,,,,,,,,SAMN46489249,peripheral blood sample,"{""label"": ""blood"", ""id"": ""UBERON:0000178""}",Saphenous vein,,,"{""id"": null, ""label"": null}",,Emory National Primate Research Center,PBMCs Isolation,,,"{""id"": null, ""label"": null}",FALSE,,,,,,,DNA,,,,IG-Capture,amplification and capture by hybridization of genomic dna to enrich nucleic acid sequences from IG genomic loci,,,,,,,,,SEQUELII,University of Louisville Sequencing Technology Center,,,,BAM,,,,,,,TRUE,"HiFiASM, WASP v1.0, Digger v0.7.4",,,,manual,,,custom,,P37_I95_S1,,
PRJNA1207082,,"{""id"": ""NCIT: C16084"", ""label"": ""Observational Study""}",,,NIH R24AI162317,"Amit, Upad.",,Emory National Primate Research Center,"Room #2040 954 Gatewood NE Road, Atlanta, 30329, GA","Stacey, Lapp",,,RVh17,,"{""id"": ""NCBITAXON: 9544"", ""label"": ""Rhesus macaque""}",,,,"{""id"": null, ""label"": null}",,,,,,,,,,,,,,,,SAMN46489250,peripheral blood sample,"{""label"": ""blood"", ""id"": ""UBERON:0000178""}",Saphenous vein,,,"{""id"": null, ""label"": null}",,Emory National Primate Research Center,PBMCs Isolation,,,"{""id"": null, ""label"": null}",FALSE,,,,,,,DNA,,,,IG-Capture,amplification and capture by hybridization of genomic dna to enrich nucleic acid sequences from IG genomic loci,,,,,,,,,SEQUELII,University of Louisville Sequencing Technology Center,,,,BAM,,,,,,,TRUE,"HiFiASM, WASP v1.0, Digger v0.7.4",,,,manual,,,custom,,P37_I96_S1,,
PRJNA1207082,,"{""id"": ""NCIT: C16084"", ""label"": ""Observational Study""}",,,NIH R24AI162317,"Amit, Upad.",,Emory National Primate Research Center,"Room #2040 954 Gatewood NE Road, Atlanta, 30329, GA","Stacey, Lapp",,,RVi14,,"{""id"": ""NCBITAXON: 9544"", ""label"": ""Rhesus macaque""}",,,,"{""id"": null, ""label"": null}",,,,,,,,,,,,,,,,SAMN46489251,peripheral blood sample,"{""label"": ""blood"", ""id"": ""UBERON:0000178""}",Saphenous vein,,,"{""id"": null, ""label"": null}",,Emory National Primate Research Center,PBMCs Isolation,,,"{""id"": null, ""label"": null}",FALSE,,,,,,,DNA,,,,IG-Capture,amplification and capture by hybridization of genomic dna to enrich nucleic acid sequences from IG genomic loci,,,,,,,,,SEQUELII,University of Louisville Sequencing Technology Center,,,,BAM,,,,,,,TRUE,"HiFiASM, WASP v1.0, Digger v0.7.4",,,,manual,,,custom,,P37_I97_S1,,
PRJNA1207082,,"{""id"": ""NCIT: C16084"", ""label"": ""Observational Study""}",,,NIH R24AI162317,"Amit, Upad.",,Emory National Primate Research Center,"Room #2040 954 Gatewood NE Road, Atlanta, 30329, GA","Stacey, Lapp",,,RVn17,,"{""id"": ""NCBITAXON: 9544"", ""label"": ""Rhesus macaque""}",,,,"{""id"": null, ""label"": null}",,,,,,,,,,,,,,,,SAMN46489252,peripheral blood sample,"{""label"": ""blood"", ""id"": ""UBERON:0000178""}",Saphenous vein,,,"{""id"": null, ""label"": null}",,Emory National Primate Research Center,PBMCs Isolation,,,"{""id"": null, ""label"": null}",FALSE,,,,,,,DNA,,,,IG-Capture,amplification and capture by hybridization of genomic dna to enrich nucleic acid sequences from IG genomic loci,,,,,,,,,SEQUELII,University of Louisville Sequencing Technology Center,,,,BAM,,,,,,,TRUE,"HiFiASM, WASP v1.0, Digger v0.7.4",,,,manual,,,custom,,P37_I98_S1,,
PRJNA1207082,,"{""id"": ""NCIT: C16084"", ""label"": ""Observational Study""}",,,NIH R24AI162317,"Amit, Upad.",,Emory National Primate Research Center,"Room #2040 954 Gatewood NE Road, Atlanta, 30329, GA","Stacey, Lapp",,,RVu20,,"{""id"": ""NCBITAXON: 9544"", ""label"": ""Rhesus macaque""}",,,,"{""id"": null, ""label"": null}",,,,,,,,,,,,,,,,SAMN46489253,peripheral blood sample,"{""label"": ""blood"", ""id"": ""UBERON:0000178""}",Saphenous vein,,,"{""id"": null, ""label"": null}",,Emory National Primate Research Center,PBMCs Isolation,,,"{""id"": null, ""label"": null}",FALSE,,,,,,,DNA,,,,IG-Capture,amplification and capture by hybridization of genomic dna to enrich nucleic acid sequences from IG genomic loci,,,,,,,,,SEQUELII,University of Louisville Sequencing Technology Center,,,,BAM,,,,,,,TRUE,"HiFiASM, WASP v1.0, Digger v0.7.4",,,,manual,,,custom,,P37_I99_S1,,
PRJNA1207082,,"{""id"": ""NCIT: C16084"", ""label"": ""Observational Study""}",,,NIH R24AI162317,"Amit, Upad.",,Emory National Primate Research Center,"Room #2040 954 Gatewood NE Road, Atlanta, 30329, GA","Stacey, Lapp",,,RWb17,,"{""id"": ""NCBITAXON: 9544"", ""label"": ""Rhesus macaque""}",,,,"{""id"": null, ""label"": null}",,,,,,,,,,,,,,,,SAMN46489254,peripheral blood sample,"{""label"": ""blood"", ""id"": ""UBERON:0000178""}",Saphenous vein,,,"{""id"": null, ""label"": null}",,Emory National Primate Research Center,PBMCs Isolation,,,"{""id"": null, ""label"": null}",FALSE,,,,,,,DNA,,,,IG-Capture,amplification and capture by hybridization of genomic dna to enrich nucleic acid sequences from IG genomic loci,,,,,,,,,SEQUELII,University of Louisville Sequencing Technology Center,,,,BAM,,,,,,,TRUE,"HiFiASM, WASP v1.0, Digger v0.7.4",,,,manual,,,custom,,P37_I100_S1,,
PRJNA1207082,,"{""id"": ""NCIT: C16084"", ""label"": ""Observational Study""}",,,NIH R24AI162317,"Amit, Upad.",,Emory National Primate Research Center,"Room #2040 954 Gatewood NE Road, Atlanta, 30329, GA","Stacey, Lapp",,,RWc20,,"{""id"": ""NCBITAXON: 9544"", ""label"": ""Rhesus macaque""}",,,,"{""id"": null, ""label"": null}",,,,,,,,,,,,,,,,SAMN46489255,peripheral blood sample,"{""label"": ""blood"", ""id"": ""UBERON:0000178""}",Saphenous vein,,,"{""id"": null, ""label"": null}",,Emory National Primate Research Center,PBMCs Isolation,,,"{""id"": null, ""label"": null}",FALSE,,,,,,,DNA,,,,IG-Capture,amplification and capture by hybridization of genomic dna to enrich nucleic acid sequences from IG genomic loci,,,,,,,,,SEQUELII,University of Louisville Sequencing Technology Center,,,,BAM,,,,,,,TRUE,"HiFiASM, WASP v1.0, Digger v0.7.4",,,,manual,,,custom,,P37_I101_S1,,
PRJNA1207082,,"{""id"": ""NCIT: C16084"", ""label"": ""Observational Study""}",,,NIH R24AI162317,"Amit, Upad.",,Emory National Primate Research Center,"Room #2040 954 Gatewood NE Road, Atlanta, 30329, GA","Stacey, Lapp",,,RWq18,,"{""id"": ""NCBITAXON: 9544"", ""label"": ""Rhesus macaque""}",,,,"{""id"": null, ""label"": null}",,,,,,,,,,,,,,,,SAMN46489256,peripheral blood sample,"{""label"": ""blood"", ""id"": ""UBERON:0000178""}",Saphenous vein,,,"{""id"": null, ""label"": null}",,Emory National Primate Research Center,PBMCs Isolation,,,"{""id"": null, ""label"": null}",FALSE,,,,,,,DNA,,,,IG-Capture,amplification and capture by hybridization of genomic dna to enrich nucleic acid sequences from IG genomic loci,,,,,,,,,SEQUELII,University of Louisville Sequencing Technology Center,,,,BAM,,,,,,,TRUE,"HiFiASM, WASP v1.0, Digger v0.7.4",,,,manual,,,custom,,P37_I102_S1,,
PRJNA1207082,,"{""id"": ""NCIT: C16084"", ""label"": ""Observational Study""}",,,NIH R24AI162317,"Amit, Upad.",,Emory National Primate Research Center,"Room #2040 954 Gatewood NE Road, Atlanta, 30329, GA","Stacey, Lapp",,,RYf17,,"{""id"": ""NCBITAXON: 9544"", ""label"": ""Rhesus macaque""}",,,,"{""id"": null, ""label"": null}",,,,,,,,,,,,,,,,SAMN46489257,peripheral blood sample,"{""label"": ""blood"", ""id"": ""UBERON:0000178""}",Saphenous vein,,,"{""id"": null, ""label"": null}",,Emory National Primate Research Center,PBMCs Isolation,,,"{""id"": null, ""label"": null}",FALSE,,,,,,,DNA,,,,IG-Capture,amplification and capture by hybridization of genomic dna to enrich nucleic acid sequences from IG genomic loci,,,,,,,,,SEQUELII,University of Louisville Sequencing Technology Center,,,,BAM,,,,,,,TRUE,"HiFiASM, WASP v1.0, Digger v0.7.4",,,,manual,,,custom,,P37_I103_S1,,
PRJNA1207082,,"{""id"": ""NCIT: C16084"", ""label"": ""Observational Study""}",,,NIH R24AI162317,"Amit, Upad.",,Emory National Primate Research Center,"Room #2040 954 Gatewood NE Road, Atlanta, 30329, GA","Stacey, Lapp",,,RYk15,,"{""id"": ""NCBITAXON: 9544"", ""label"": ""Rhesus macaque""}",,,,"{""id"": null, ""label"": null}",,,,,,,,,,,,,,,,SAMN46489258,peripheral blood sample,"{""label"": ""blood"", ""id"": ""UBERON:0000178""}",Saphenous vein,,,"{""id"": null, ""label"": null}",,Emory National Primate Research Center,PBMCs Isolation,,,"{""id"": null, ""label"": null}",FALSE,,,,,,,DNA,,,,IG-Capture,amplification and capture by hybridization of genomic dna to enrich nucleic acid sequences from IG genomic loci,,,,,,,,,SEQUELII,University of Louisville Sequencing Technology Center,,,,BAM,,,,,,,TRUE,"HiFiASM, WASP v1.0, Digger v0.7.4",,,,manual,,,custom,,P37_I104_S1,,
PRJNA1207082,,"{""id"": ""NCIT: C16084"", ""label"": ""Observational Study""}",,,NIH R24AI162317,"Amit, Upad.",,Emory National Primate Research Center,"Room #2040 954 Gatewood NE Road, Atlanta, 30329, GA","Stacey, Lapp",,,RYL18,,"{""id"": ""NCBITAXON: 9544"", ""label"": ""Rhesus macaque""}",,,,"{""id"": null, ""label"": null}",,,,,,,,,,,,,,,,SAMN46489259,peripheral blood sample,"{""label"": ""blood"", ""id"": ""UBERON:0000178""}",Saphenous vein,,,"{""id"": null, ""label"": null}",,Emory National Primate Research Center,PBMCs Isolation,,,"{""id"": null, ""label"": null}",FALSE,,,,,,,DNA,,,,IG-Capture,amplification and capture by hybridization of genomic dna to enrich nucleic acid sequences from IG genomic loci,,,,,,,,,SEQUELII,University of Louisville Sequencing Technology Center,,,,BAM,,,,,,,TRUE,"HiFiASM, WASP v1.0, Digger v0.7.4",,,,manual,,,custom,,P37_I105_S1,,
PRJNA1207082,,"{""id"": ""NCIT: C16084"", ""label"": ""Observational Study""}",,,NIH R24AI162317,"Amit, Upad.",,Emory National Primate Research Center,"Room #2040 954 Gatewood NE Road, Atlanta, 30329, GA","Stacey, Lapp",,,RYs15,,"{""id"": ""NCBITAXON: 9544"", ""label"": ""Rhesus macaque""}",,,,"{""id"": null, ""label"": null}",,,,,,,,,,,,,,,,SAMN46489260,peripheral blood sample,"{""label"": ""blood"", ""id"": ""UBERON:0000178""}",Saphenous vein,,,"{""id"": null, ""label"": null}",,Emory National Primate Research Center,PBMCs Isolation,,,"{""id"": null, ""label"": null}",FALSE,,,,,,,DNA,,,,IG-Capture,amplification and capture by hybridization of genomic dna to enrich nucleic acid sequences from IG genomic loci,,,,,,,,,SEQUELII,University of Louisville Sequencing Technology Center,,,,BAM,,,,,,,TRUE,"HiFiASM, WASP v1.0, Digger v0.7.4",,,,manual,,,custom,,P37_I106_S1,,
