"subject"	"gene"	"IGHJ6_02"	"IGHJ6_03"	"alleles"	"proirs_row"	"proirs_col"	"counts1"	"k1"	"counts2"	"k2"	"counts3"	"k3"	"counts4"	"k4"
"S1"	"IGHV3-64D"	"06"	"06"	"06"	"0.65,0.35"	"1"	"7,6"	"8.05418987298872"	NA	NA	NA	NA	NA	NA
"S1"	"IGHV3-53"	"02"	"02"	"02"	"0.65,0.35"	"1"	"7,11"	"7.84124082958212"	NA	NA	NA	NA	NA	NA
"S1"	"IGHV3-23"	"01"	"01"	"01"	"0.65,0.35"	"1"	"17,8"	"9.30304749784966"	NA	NA	NA	NA	NA	NA
"S1"	"IGHV3-64"	"02"	"Unk"	"02"	"0.65,0.35"	"1"	"1,0"	"0.187287695582865"	NA	NA	NA	NA	NA	NA
"S1"	"IGHV3-20"	"01"	"Unk"	"01"	"0.65,0.35"	"1"	"3,0"	"0.561863086748596"	NA	NA	NA	NA	NA	NA
"S1"	"IGHV3-48"	"03"	"01"	"01,03"	"0.65,0.35"	"0.41,0.59"	"0,7"	"3.10417858406493"	"19,0"	"3.55846621607444"	NA	NA	NA	NA
"S1"	"IGHV3-13"	"05"	"05"	"05"	"0.65,0.35"	"1"	"2,1"	"1.18629189917906"	NA	NA	NA	NA	NA	NA
"S1"	"IGHV3-49"	"03_04,04"	"03"	"03,03_04,04"	"0.65,0.35"	"0.375,0.542,0.083"	"0,2"	"0.886908166875694"	"4,0"	"0.749150782331461"	"2,0"	"0.37457539116573"	NA	NA
"S1"	"IGHV3-15"	"01"	"01"	"01"	"0.65,0.35"	"1"	"11,6"	"7.30503909065726"	NA	NA	NA	NA	NA	NA
"S1"	"IGHV3-7"	"01"	"01,03"	"01,03"	"0.65,0.35"	"0.52,0.48"	"8,1"	"0.0625657256818741"	"0,5"	"2.21727041718923"	NA	NA	NA	NA
"S1"	"IGHV3-21"	"01"	"01"	"01"	"0.65,0.35"	"1"	"23,8"	"8.17932132435246"	NA	NA	NA	NA	NA	NA
"S1"	"IGHV3-74"	"01"	"01"	"01"	"0.65,0.35"	"1"	"12,12"	"16.4829551371432"	NA	NA	NA	NA	NA	NA
"S1"	"IGHV3-73"	"02"	"02"	"02"	"0.65,0.35"	"1"	"5,5"	"6.86789797380965"	NA	NA	NA	NA	NA	NA
"S1"	"IGHV5-51"	"01"	"01"	"01"	"0.65,0.35"	"1"	"20,13"	"16.545520862825"	NA	NA	NA	NA	NA	NA
"S1"	"IGHV3-72"	"Unk"	"01"	"01"	"0.65,0.35"	"1"	"0,1"	"0.443454083437847"	NA	NA	NA	NA	NA	NA
"S1"	"IGHV1-69"	"01,06"	"01"	"01,06"	"0.65,0.35"	"0.74,0.26"	"76,98"	"94.6360593662741"	"60,0"	"11.2372617349719"	NA	NA	NA	NA
"S1"	"IGHV1-69-2"	"01"	"Unk"	"01"	"0.65,0.35"	"1"	"5,0"	"0.936438477914326"	NA	NA	NA	NA	NA	NA
"S1"	"IGHV3-33"	"01,01_08"	"01_08,08"	"01,01_08,08"	"0.65,0.35"	"0.31,0.42,0.27"	"13,0"	"2.43474004257725"	"14,6"	"6.74317600390866"	"0,8"	"3.54763266750277"	NA	NA
"S1"	"IGHV3-30"	"18"	"Del"	"18"	"0.65,0.35"	"1"	"31,0"	"5.80591856306882"	NA	NA	NA	NA	NA	NA
"S1"	"IGHV3-11"	"06"	"06"	"06"	"0.65,0.35"	"1"	"4,3"	"3.93345108870293"	NA	NA	NA	NA	NA	NA
"S1"	"IGHV4-4"	"02"	"02"	"02"	"0.65,0.35"	"1"	"9,7"	"9.24048177216778"	NA	NA	NA	NA	NA	NA
"S1"	"IGHV4-34"	"01"	"01"	"01"	"0.65,0.35"	"1"	"22,47"	"19.1323989988163"	NA	NA	NA	NA	NA	NA
"S1"	"IGHV1-8"	"01_02_03"	"01_02_03"	"01_02_03"	"0.65,0.35"	"1"	"3,1"	"0.9990042035962"	NA	NA	NA	NA	NA	NA
"S1"	"IGHV1-3"	"01"	"01"	"01"	"0.65,0.35"	"1"	"24,8"	"7.9920336287696"	NA	NA	NA	NA	NA	NA
"S1"	"IGHV1-46"	"01"	"04"	"01,04"	"0.65,0.35"	"0.68,0.32"	"11,0"	"2.06016465141152"	"0,2"	"0.886908166875694"	NA	NA	NA	NA
"S1"	"IGHV4-39"	"Del"	"01"	"01"	"0.65,0.35"	"1"	"0,24"	"10.6428980025083"	NA	NA	NA	NA	NA	NA
"S1"	"IGHV1-24"	"01"	"01"	"01"	"0.65,0.35"	"1"	"7,3"	"3.37158800195433"	NA	NA	NA	NA	NA	NA
"S1"	"IGHV5-10-1"	"03"	"03"	"03"	"0.65,0.35"	"1"	"17,9"	"10.8639147881945"	NA	NA	NA	NA	NA	NA
"S1"	"IGHV3-43D"	"04"	"Unk"	"04"	"0.65,0.35"	"1"	"3,0"	"0.561863086748596"	NA	NA	NA	NA	NA	NA
"S1"	"IGHV1-2"	"06"	"Del"	"06"	"0.65,0.35"	"1"	"32,1"	"4.43233896830689"	NA	NA	NA	NA	NA	NA
"S1"	"IGHV4-59"	"01"	"01"	"01"	"0.65,0.35"	"1"	"6,15"	"4.25039081763096"	NA	NA	NA	NA	NA	NA
"S1"	"IGHV1-18"	"01,01_04"	"01_04,04"	"01,01_04,04"	"0.65,0.35"	"0.35,0.44,0.21"	"21,1"	"2.37217431689537"	"20,7"	"7.18031712075627"	"0,8"	"3.54763266750277"	NA	NA
"S1"	"IGHV7-4-1"	"02"	"Unk"	"02"	"0.65,0.35"	"1"	"24,1"	"2.93403740364397"	NA	NA	NA	NA	NA	NA
"S1"	"IGHV6-1"	"01"	"01"	"01"	"0.65,0.35"	"1"	"9,6"	"7.67961448182299"	NA	NA	NA	NA	NA	NA
"S1"	"IGHV4-31"	"03"	"Unk"	"03"	"0.65,0.35"	"1"	"4,0"	"0.749150782331461"	NA	NA	NA	NA	NA	NA
"S1"	"IGHV4-38-2"	"01"	"Unk"	"01"	"0.65,0.35"	"1"	"8,0"	"1.49830156466292"	NA	NA	NA	NA	NA	NA
"S1"	"IGHV3-30-3"	"01"	"Unk"	"01"	"0.65,0.35"	"1"	"14,0"	"2.62202773816011"	NA	NA	NA	NA	NA	NA
"S1"	"IGHV1-58"	"01"	"01"	"01"	"0.65,0.35"	"1"	"3,3"	"4.12073878428579"	NA	NA	NA	NA	NA	NA
"S1"	"IGHV2-5"	"02"	"02"	"02"	"0.65,0.35"	"1"	"5,1"	"0.62442881243047"	NA	NA	NA	NA	NA	NA
"S1"	"IGHV4-61"	"01"	"01"	"01"	"0.65,0.35"	"1"	"2,1"	"1.18629189917906"	NA	NA	NA	NA	NA	NA
"S1"	"IGHV4-30-4"	"01"	"Unk"	"01"	"0.65,0.35"	"1"	"5,0"	"0.936438477914326"	NA	NA	NA	NA	NA	NA
"S1"	"IGHV2-70"	"01"	"01"	"01"	"0.65,0.35"	"1"	"7,2"	"1.81072071160953"	NA	NA	NA	NA	NA	NA
"S1"	"IGHV2-70D"	"04"	"Unk"	"04"	"0.65,0.35"	"1"	"3,0"	"0.561863086748596"	NA	NA	NA	NA	NA	NA
"S1"	"IGHV2-26"	"01"	"Unk"	"01"	"0.65,0.35"	"1"	"10,0"	"1.87287695582865"	NA	NA	NA	NA	NA	NA
"S1"	"IGHV4-30-2"	"01"	"Unk"	"01"	"0.65,0.35"	"1"	"3,0"	"0.561863086748596"	NA	NA	NA	NA	NA	NA
"S1"	"IGHV3-43"	"Unk"	"01"	"01"	"0.65,0.35"	"1"	"0,1"	"0.443454083437847"	NA	NA	NA	NA	NA	NA
"S1"	"IGHV3-66"	"Del"	"Del"	NA	NA	NA	NA	NA	NA	NA	NA	NA	NA	NA
"S1"	"IGHD1-1"	"01"	"01"	"01"	"0.65,0.35"	"1"	"1,2"	"0.930125511324083"	NA	NA	NA	NA	NA	NA
"S1"	"IGHD3-16"	"02,03"	"02,03"	"02,03"	"0.65,0.35"	"0.35,0.65"	"2,4"	"1.86025102264817"	"10,2"	"1.24885762486094"	NA	NA	NA	NA
"S1"	"IGHD5-12"	"01"	"01"	"01"	"0.65,0.35"	"1"	"4,3"	"3.93345108870293"	NA	NA	NA	NA	NA	NA
"S1"	"IGHD3-10"	"01,03"	"01,03"	"01,03"	"0.65,0.35"	"0.37,0.63"	"9,26"	"4.82349693441398"	"55,7"	"0.625247775355984"	NA	NA	NA	NA
"S1"	"IGHD3-3"	"01"	"01"	"01"	"0.65,0.35"	"1"	"91,46"	"54.7567150578199"	NA	NA	NA	NA	NA	NA
"S1"	"IGHD6-19"	"01"	"01"	"01"	"0.65,0.35"	"1"	"18,21"	"23.3940704554012"	NA	NA	NA	NA	NA	NA
"S1"	"IGHD6-13"	"01"	"01"	"01"	"0.65,0.35"	"1"	"43,24"	"29.4074440582119"	NA	NA	NA	NA	NA	NA
"S1"	"IGHD2-15"	"01"	"01"	"01"	"0.65,0.35"	"1"	"41,9"	"6.36901009420569"	NA	NA	NA	NA	NA	NA
"S1"	"IGHD1-26"	"01"	"01"	"01"	"0.65,0.35"	"1"	"23,13"	"15.9836577760764"	NA	NA	NA	NA	NA	NA
"S1"	"IGHD6-6"	"01"	"01"	"01"	"0.65,0.35"	"1"	"24,21"	"28.2833084032519"	NA	NA	NA	NA	NA	NA
"S1"	"IGHD4-17"	"01"	"01"	"01"	"0.65,0.35"	"1"	"34,6"	"2.99742209225136"	NA	NA	NA	NA	NA	NA
"S1"	"IGHD2-2"	"01,02"	"01,02"	"01,02"	"0.65,0.35"	"0.76,0.24"	"17,11"	"13.985649368884"	"4,5"	"5.05086429560988"	NA	NA	NA	NA
"S1"	"IGHD5-5"	"01"	"01"	"01"	"0.65,0.35"	"1"	"7,12"	"7.39778674614428"	NA	NA	NA	NA	NA	NA
"S1"	"IGHD3-22"	"01"	"01"	"01"	"0.65,0.35"	"1"	"18,16"	"21.6026981250252"	NA	NA	NA	NA	NA	NA
"S1"	"IGHD7-27"	"01"	"01"	"01"	"0.65,0.35"	"1"	"3,2"	"2.559871493941"	NA	NA	NA	NA	NA	NA
"S1"	"IGHD3-9"	"01"	"01"	"01"	"0.65,0.35"	"1"	"14,11"	"14.5475124556326"	NA	NA	NA	NA	NA	NA
"S1"	"IGHD2-8"	"01,02"	"01"	"01,02"	"0.65,0.35"	"0.38,0.62"	"1,1"	"1.37357959476193"	"5,0"	"0.936438477914326"	NA	NA	NA	NA
"S1"	"IGHD4-11"	"Del"	"Del"	NA	NA	NA	NA	NA	NA	NA	NA	NA	NA	NA
"S1"	"IGHD6-25"	"01"	"01"	"01"	"0.65,0.35"	"1"	"4,1"	"0.811716508013335"	NA	NA	NA	NA	NA	NA
"S1"	"IGHD2-21"	"01"	"Unk"	"01"	"0.65,0.35"	"1"	"11,1"	"0.499297361066721"	NA	NA	NA	NA	NA	NA
"S1"	"IGHD1-7"	"01"	"01"	"01"	"0.65,0.35"	"1"	"7,3"	"3.37158800195433"	NA	NA	NA	NA	NA	NA
"S1"	"IGHD4-23"	"01"	"01"	"01"	"0.65,0.35"	"1"	"12,5"	"5.5568841047296"	NA	NA	NA	NA	NA	NA
"S1"	"IGHD5-24"	"01"	"01"	"01"	"0.65,0.35"	"1"	"3,5"	"3.2338306174101"	NA	NA	NA	NA	NA	NA
"S1"	"IGHD5-18"	"Del"	"Del"	NA	NA	NA	NA	NA	NA	NA	NA	NA	NA	NA
"S1"	"IGHD1-20"	"01"	"Unk"	"01"	"0.65,0.35"	"1"	"1,0"	"0.187287695582865"	NA	NA	NA	NA	NA	NA
"S1"	"IGHV1-45"	"Unk"	"Unk"	NA	NA	NA	NA	NA	NA	NA	NA	NA	NA	NA
"S1"	"IGHV3-9"	"Del"	"Del"	NA	NA	NA	NA	NA	NA	NA	NA	NA	NA	NA
"S1"	"IGHV8-51-1"	"Unk"	"Unk"	NA	NA	NA	NA	NA	NA	NA	NA	NA	NA	NA
"S1"	"IGHV4-28"	"Unk"	"Unk"	NA	NA	NA	NA	NA	NA	NA	NA	NA	NA	NA
"S1"	"IGHD4-4"	"Unk"	"Unk"	NA	NA	NA	NA	NA	NA	NA	NA	NA	NA	NA
