"subject"	"gene"	"IGKJ2_01"	"IGKJ2_04"	"alleles"	"proirs_row"	"proirs_col"	"counts1"	"k1"	"counts2"	"k2"	"counts3"	"k3"	"counts4"	"k4"
"S1"	"IGKV3-11"	"01"	"01"	"01"	"0.6,0.4"	"1"	"214,168"	"224.026119487569"	NA	NA	NA	NA	NA	NA
"S1"	"IGKV3D-11"	"02"	"Unk"	"02"	"0.6,0.4"	"1"	"2,0"	"0.434886921605348"	NA	NA	NA	NA	NA	NA
"S1"	"IGKV3-20"	"01"	"01"	"01"	"0.6,0.4"	"1"	"151,167"	"204.045445179881"	NA	NA	NA	NA	NA	NA
"S1"	"IGKV3D-20"	"Unk"	"01"	"01"	"0.6,0.4"	"1"	"1,6"	"0.576228183310832"	NA	NA	NA	NA	NA	NA
"S1"	"IGKV6D-21"	"01"	"01,02"	"01,02"	"0.6,0.4"	"0.77,0.23"	"11,3"	"2.43953300437312"	"0,3"	"1.1815530481454"	NA	NA	NA	NA
"S1"	"IGKV3-15"	"01"	"01"	"01"	"0.6,0.4"	"1"	"237,112"	"128.838579855994"	NA	NA	NA	NA	NA	NA
"S1"	"IGKV3D-15"	"01_C197T,03"	"03"	"01_C197T,03"	"0.6,0.4"	"0.55,0.45"	"6,0"	"1.30466076481604"	"3,6"	"2.99752764264911"	NA	NA	NA	NA
"S1"	"IGKV1-39"	"01"	"01"	"01"	"0.6,0.4"	"1"	"357,252"	"32.8211214642458"	NA	NA	NA	NA	NA	NA
"S1"	"IGKV5-2"	"02"	"02"	"02"	"0.6,0.4"	"1"	"2,1"	"1.17558343612883"	NA	NA	NA	NA	NA	NA
"S1"	"IGKV1-5"	"01"	"03"	"01,03"	"0.6,0.4"	"0.69,0.31"	"346,9"	"60.7412042181175"	"2,140"	"51.5653864208254"	NA	NA	NA	NA
"S1"	"IGKV4-1"	"02"	"01"	"01,02"	"0.6,0.4"	"0.48,0.52"	"3,101"	"34.4183188819553"	"145,3"	"26.6978907431852"	NA	NA	NA	NA
"S1"	"IGKV1-17"	"03"	"01"	"01,03"	"0.6,0.4"	"0.73,0.27"	"0,7"	"2.75695711233927"	"3,0"	"0.652330382408021"	NA	NA	NA	NA
"S1"	"IGKV1-27"	"01"	"01"	"01"	"0.6,0.4"	"1"	"16,10"	"12.625608204499"	NA	NA	NA	NA	NA	NA
"S1"	"IGKV1D-33"	"01"	"01"	"01"	"0.6,0.4"	"1"	"134,90"	"115.804908448518"	NA	NA	NA	NA	NA	NA
"S1"	"IGKV1-16"	"02"	"02"	"02"	"0.6,0.4"	"1"	"8,2"	"1.48139302904696"	NA	NA	NA	NA	NA	NA
"S1"	"IGKV1D-16"	"Unk"	"01"	"01"	"0.6,0.4"	"1"	"0,2"	"0.787702032096934"	NA	NA	NA	NA	NA	NA
"S1"	"IGKV1-12"	"01"	"01"	"01"	"0.6,0.4"	"1"	"28,15"	"18.0686384635378"	NA	NA	NA	NA	NA	NA
"S1"	"IGKV1-9"	"01"	"02"	"01,02"	"0.6,0.4"	"0.43,0.57"	"36,3"	"2.99655351569373"	"1,48"	"17.1179708573464"	NA	NA	NA	NA
"S1"	"IGKV2-28"	"01"	"01"	"01"	"0.6,0.4"	"1"	"159,93"	"115.200233001653"	NA	NA	NA	NA	NA	NA
"S1"	"IGKV1D-13"	"02"	"02"	"02"	"0.6,0.4"	"1"	"44,38"	"51.630361318581"	NA	NA	NA	NA	NA	NA
"S1"	"IGKV2D-29"	"02"	"01"	"01,02"	"0.6,0.4"	"0.84,0.16"	"0,14"	"5.51391422467854"	"6,0"	"1.30466076481604"	NA	NA	NA	NA
"S1"	"IGKV2D-24"	"01"	"Unk"	"01"	"0.6,0.4"	"1"	"1,0"	"0.217443460802674"	NA	NA	NA	NA	NA	NA
"S1"	"IGKV2-24"	"01"	"01"	"01"	"0.6,0.4"	"1"	"5,4"	"5.35466412692333"	NA	NA	NA	NA	NA	NA
"S1"	"IGKV2D-40"	"01"	"01"	"01"	"0.6,0.4"	"1"	"9,4"	"4.48489028371264"	NA	NA	NA	NA	NA	NA
"S1"	"IGKV2-18"	"01"	"Unk"	"01"	"0.6,0.4"	"1"	"1,0"	"0.217443460802674"	NA	NA	NA	NA	NA	NA
"S1"	"IGKV2-30"	"01"	"01"	"01"	"0.6,0.4"	"1"	"37,11"	"9.669765885377"	NA	NA	NA	NA	NA	NA
"S1"	"IGKV2D-30"	"01"	"01"	"01"	"0.6,0.4"	"1"	"2,1"	"1.17558343612883"	NA	NA	NA	NA	NA	NA
"S1"	"IGKV6D-41"	"01"	"Unk"	"01"	"0.6,0.4"	"1"	"1,0"	"0.217443460802674"	NA	NA	NA	NA	NA	NA
"S1"	"IGKV2D-26"	"03"	"03"	"03"	"0.6,0.4"	"1"	"1,3"	"0.605324864834568"	NA	NA	NA	NA	NA	NA
"S1"	"IGKV1-6"	"01_G9A"	"01"	"01,01_G9A"	"0.6,0.4"	"0.49,0.51"	"0,2"	"0.787702032096934"	"12,0"	"2.60932152963209"	NA	NA	NA	NA
"S1"	"IGKV1-13"	"01_A123G"	"Unk"	"01_A123G"	"0.6,0.4"	"1"	"4,0"	"0.869773843210695"	NA	NA	NA	NA	NA	NA
"S1"	"IGKV1-8"	"03"	"01"	"01,03"	"0.6,0.4"	"0.4,0.6"	"0,18"	"7.0893182888724"	"35,0"	"7.61052112809358"	NA	NA	NA	NA
"S1"	"IGKV1D-43"	"01"	"Unk"	"01"	"0.6,0.4"	"1"	"2,0"	"0.434886921605348"	NA	NA	NA	NA	NA	NA
"S1"	"IGKV1D-8"	"01_T276C"	"02"	"01_T276C,02"	"0.6,0.4"	"0.55,0.45"	"16,0"	"3.47909537284278"	"0,4"	"1.57540406419387"	NA	NA	NA	NA
"S1"	"IGKV3-7"	"Unk"	"04"	"04"	"0.6,0.4"	"1"	"0,1"	"0.393851016048467"	NA	NA	NA	NA	NA	NA
"S1"	"IGKV1D-42"	"Unk"	"Unk"	NA	NA	NA	NA	NA	NA	NA	NA	NA	NA	NA
"S1"	"IGKV2-29"	"Del"	"Del"	NA	NA	NA	NA	NA	NA	NA	NA	NA	NA	NA
"S1"	"IGKV2D-18"	"Unk"	"Unk"	NA	NA	NA	NA	NA	NA	NA	NA	NA	NA	NA
"S1"	"IGKV1D-12"	"Unk"	"Unk"	NA	NA	NA	NA	NA	NA	NA	NA	NA	NA	NA
"S1"	"IGKV1D-17"	"Unk"	"Unk"	NA	NA	NA	NA	NA	NA	NA	NA	NA	NA	NA
"S1"	"IGKV3D-7"	"Unk"	"Unk"	NA	NA	NA	NA	NA	NA	NA	NA	NA	NA	NA
"S1"	"IGKV6-21"	"Unk"	"Unk"	NA	NA	NA	NA	NA	NA	NA	NA	NA	NA	NA
