"gene"	"alleles"	"counts"	"total"	"note"	"kh"	"kd"	"kt"	"kq"	"k_diff"	"GENOTYPED_ALLELES"	"Freq_by_Clone"	"Freq_by_Seq"
"IGHV1-2"	"02,04,06,07"	"145,10,4,1"	"159"	""	"-0.642408605779306"	"-16.2683431605039"	"-36.1924301803447"	"-64.8732721289316"	"15.6259345547246"	"02"	"1080"	"1080"
"IGHV1-3"	"01,02,04,05"	"138,11,9,0"	"158"	""	"-5.21552181416421"	"-17.695731740766"	"-29.3936115286679"	"-58.2460824167796"	"12.4802099266017"	"01"	"855"	"855"
"IGHV1-8"	"03,01"	"36,12"	"48"	""	"-8.7222578947966"	"2.7474529900527"	"-4.14197849985381"	"-12.9591066483725"	"6.88943148990651"	"03,01"	"225;17"	"225;17"
"IGHV1-18"	"01,04,03"	"276,6,1"	"283"	""	"4.00948954255504"	"-46.7554720181642"	"-93.3020768142328"	"-148.745752145713"	"50.7649615607193"	"01"	"2745"	"2745"
"IGHV1-24"	"01"	"4"	"4"	""	"2.27137143266937"	"1.39540527758187"	"0.70522136441774"	"-0.0860206705779299"	"0.875966155087503"	"01"	"42"	"42"
"IGHV1-45"	"02,03"	"16,0"	"16"	""	"3.5610835791762"	"0.0572189588261938"	"-2.70351669383031"	"-5.86848483381299"	"3.50386462035001"	"02"	"66"	"66"
"IGHV1-46"	"01,03,04"	"230,59,3"	"292"	""	"-51.6750304298096"	"-6.88883680087661"	"-45.6618917650958"	"-99.4967287923386"	"38.7730549642192"	"01,03"	"1084;1049"	"1084;1049"
"IGHV1-58"	"02,01"	"26,2"	"28"	""	"2.64379496427297"	"0.17558266964368"	"-4.42357547782803"	"-9.84930701089283"	"2.4682122946293"	"02"	"114"	"114"
"IGHV1-69"	"05,01,12,06"	"161,109,108,32"	"478"	""	"-274.13910232069"	"-133.603299680511"	"-14.7225484033359"	"-16.6957708316606"	"1.97322242832474"	"05,01,12"	"2516;0;0"	"2516;0;0"
"IGHV1-69-2"	"01"	"82"	"82"	""	"4.73039513182891"	"-13.2269110474649"	"-27.3756812673295"	"-43.5961429847407"	"17.9573061792938"	"01"	"527"	"527"
"IGHV2-5"	"01"	"35"	"35"	""	"4.25936902838627"	"-3.40533482862937"	"-9.44444406881547"	"-16.3678118750276"	"7.66470385701565"	"01"	"85"	"85"
"IGHV2-70"	"15"	"4"	"4"	""	"2.27137143266937"	"1.39540527758187"	"0.70522136441774"	"-0.0860206705779299"	"0.875966155087503"	"15"	"1"	"1"
"IGHV2-70D"	"04"	"7"	"7"	""	"2.76834873781831"	"1.23540796641518"	"0.0275861183779563"	"-1.35708744286447"	"1.53294077140313"	"04"	"6"	"6"
"IGHV3-7"	"01,03,04,05"	"543,102,37,0"	"681"	""	"-96.5595443815712"	"-50.9679965492867"	"-98.0675471935462"	"-219.894227029448"	"45.5915478322846"	"01,03"	"18776;1109"	"18776;1109"
"IGHV3-9"	"01,03,04,02"	"172,69,3,0"	"244"	""	"-72.4326279375977"	"1.18291350730144"	"-28.1472882755624"	"-71.9224073233326"	"29.3302017828639"	"01,03"	"411;531"	"411;531"
"IGHV3-11"	"04,06,01,05"	"105,25,21,3"	"154"	""	"-35.8112338622472"	"-18.4857490153008"	"-8.3006703272831"	"-28.3590825219187"	"10.1850786880177"	"04,06,01"	"2278;38;147"	"2278;38;147"
"IGHV3-13"	"01,06"	"4,0"	"4"	""	"2.27137143266937"	"1.39540527758187"	"0.70522136441774"	"-0.0860206705779299"	"0.875966155087503"	"01"	"4"	"4"
"IGHV3-15"	"01,07"	"139,2"	"141"	""	"4.65927414127234"	"-22.5549820345789"	"-46.6518357289372"	"-74.4301547506297"	"27.2142561758512"	"01"	"795"	"795"
"IGHV3-20"	"04,01,02"	"67,2,2"	"70"	""	"3.43570643035518"	"-8.01115895392101"	"-16.8547555153834"	"-30.3907179071538"	"11.4468653842762"	"04"	"358"	"358"
"IGHV3-21"	"01,06,07,03"	"179,8,7,3"	"199"	""	"0.181045475316401"	"-26.1161691110915"	"-47.5489366370099"	"-79.8427308815255"	"26.2972145864079"	"01"	"3138"	"3138"
"IGHV3-23"	"01,04,03"	"200,200,85"	"486"	""	"-1000"	"-75.1254714157875"	"-0.658203686963932"	"-68.4861359960413"	"67.8279323090774"	"01,04,03"	"0;0;1345"	"0;0;1345"
"IGHV3-30"	"02,18,20,04"	"397,38,7,2"	"444"	""	"-17.2905423878755"	"-42.9443967249601"	"-103.686628196897"	"-184.757961280541"	"25.6538543370847"	"02"	"8913"	"8913"
"IGHV3-30-3"	"01"	"10"	"10"	""	"3.10739762835131"	"0.91748224063255"	"-0.807977542277764"	"-2.78608262976694"	"2.18991538771876"	"01"	"39"	"39"
"IGHV3-33"	"08,01,06"	"91,65,30"	"186"	""	"-106.538787373607"	"-21.6360667150653"	"1.44016156266623"	"-25.7469896652558"	"23.0762282777315"	"08,01,06"	"695;335;230"	"695;335;230"
"IGHV3-38"	"03"	"2"	"2"	""	"1.75272731935137"	"1.31474424180762"	"0.969652285225554"	"0.574031267727719"	"0.437983077543751"	"03"	"3"	"3"
"IGHV3-38-3"	"01"	"13"	"13"	""	"3.36108372568005"	"0.514193721645672"	"-1.72890399613774"	"-4.30044060987366"	"2.84689000403438"	"01"	"15"	"15"
"IGHV3-43"	"01,02"	"124,1"	"125"	""	"4.81497718542953"	"-20.7271897655633"	"-42.1793724296036"	"-66.8492046672659"	"25.5421669509928"	"01"	"808"	"808"
"IGHV3-43D"	"04,05,03"	"50,50,3"	"102"	""	"-67.223375325371"	"2.46624057202202"	"-4.74020609623951"	"-21.6971891735089"	"7.20644666826153"	"04,05"	"0;0"	"0;0"
"IGHV3-48"	"01,04,03,02"	"348,50,12,10"	"420"	""	"-35.430664812656"	"-31.0005274692819"	"-76.8909155365334"	"-138.645696741272"	"4.43013734337405"	"01,04"	"8860;911"	"8860;911"
"IGHV3-49"	"04,03,05"	"153,80,80"	"313"	""	"-177.369016003181"	"-81.8520128976994"	"0.427811785242323"	"-41.1435282770596"	"41.5713400623019"	"04,03,05"	"1562;0;1"	"1562;0;1"
"IGHV3-53"	"04,01,02,05"	"162,54,54,16"	"286"	""	"-109.990489883757"	"-58.3767909019357"	"-12.9706718160908"	"-30.0081749168917"	"17.0375031008009"	"04,01,02"	"1975;0;0"	"1975;0;0"
"IGHV3-64"	"01,02,07"	"77,5,5"	"86"	""	"-0.297497481341598"	"-9.09592668317734"	"-15.5895070514949"	"-31.5275619891439"	"8.79842920183574"	"01"	"1725"	"1725"
"IGHV3-64D"	"09,06,08"	"4,3,1"	"8"	""	"-2.6761879933199"	"1.2861974217518"	"1.84154278870115"	"0.626313295316072"	"0.555345366949348"	"09,06,08"	"5;2;1"	"5;2;1"
"IGHV3-66"	"02,03,01"	"40,7,4"	"51"	""	"-4.32681417761657"	"-1.79698873145344"	"-3.43430396287857"	"-12.3360283824106"	"1.63731523142512"	"02,03"	"107;30"	"107;30"
"IGHV3-69-1"	"01,02"	"26,6"	"32"	""	"-1.88143001409911"	"2.10149311815054"	"-2.72359045313097"	"-8.71463859738164"	"3.98292313224965"	"01,02"	"15;45"	"15;45"
"IGHV3-72"	"01"	"147"	"147"	""	"4.65088031199069"	"-27.540875887475"	"-52.9051346962566"	"-81.9832794823475"	"32.1917561994657"	"01"	"787"	"787"
"IGHV3-73"	"01,02"	"72,72"	"144"	""	"-97.4782995402716"	"2.87474735197429"	"-13.6152207135562"	"-38.0332763448241"	"16.4899680655305"	"01,02"	"0;0"	"0;0"
"IGHV3-74"	"01"	"620"	"620"	""	"0.499951411521103"	"-135.274802627042"	"-242.253309167481"	"-1000"	"135.774754038563"	"01"	"12004"	"12004"
"IGHV3-NL1"	"01"	"25"	"25"	""	"3.97569600556859"	"-1.4990924637283"	"-5.81274192100409"	"-10.758004639727"	"5.47478846929689"	"01"	"75"	"75"
"IGHV4-4"	"02,03,09,08"	"46,46,27,17"	"152"	""	"-101.203959689329"	"-37.0895130637273"	"-9.42049004371534"	"-0.966367559299219"	"8.45412248441612"	"02,03,09,08"	"0;0;117;249"	"0;0;117;249"
"IGHV4-28"	"03,01,07"	"4,1,1"	"6"	""	"0.0946372505030759"	"0.831454952135309"	"1.49976303098955"	"0.567191843197414"	"0.668308078854244"	"03,01,07"	"6;0;0"	"6;0;0"
"IGHV4-30-2"	"05,06"	"1,1"	"2"	""	"0.0494359412327069"	"1.44322825918057"	"1.21420092493709"	"0.8750612633917"	"0.22902733424348"	"05,06"	"0;9"	"0;9"
"IGHV4-30-4"	"08,01,i02"	"8,0,0"	"8"	""	"2.89393947046845"	"1.14200716029344"	"-0.238360666034807"	"-1.82084473602615"	"1.751932310175"	"08"	"31"	"31"
"IGHV4-31"	"03"	"2"	"2"	""	"1.75272731935137"	"1.31474424180762"	"0.969652285225554"	"0.574031267727719"	"0.437983077543751"	"03"	"5"	"5"
"IGHV4-34"	"01"	"703"	"703"	""	"-0.391945280659479"	"-154.342997037288"	"-275.642819775883"	"-1000"	"153.951051756629"	"01"	"17822"	"17822"
"IGHV4-38-2"	"01,02"	"414,29"	"443"	""	"-10.4193160562638"	"-54.311081262948"	"-127.383075598056"	"-213.375171651205"	"43.8917652066842"	"01"	"18991"	"18991"
"IGHV4-39"	"01,07,i03,08"	"482,90,29,2"	"603"	""	"-80.4607865532297"	"-40.8641611364976"	"-88.0804176173413"	"-193.31475989006"	"39.5966254167321"	"01,07"	"23327;5155"	"23327;5155"
"IGHV4-59"	"01,12,11,i03"	"288,72,7,0"	"368"	""	"-64.1242756081236"	"-11.0734010906029"	"-54.9284870312005"	"-122.073612552235"	"43.8550859405976"	"01,12"	"14227;2450"	"14227;2450"
"IGHV4-61"	"02,11,01,i04"	"244,23,20,20"	"309"	""	"-28.1720376126073"	"-44.511944368391"	"-59.6127672988926"	"-82.829634988531"	"16.3399067557837"	"02"	"11068"	"11068"
"IGHV4-NL1"	"01"	"269"	"269"	""	"3.87938323522657"	"-55.029340694408"	"-101.444208854695"	"-154.655235708154"	"58.9087239296345"	"01"	"15054"	"15054"
"IGHV5-10-1"	"01,03"	"1,1"	"1"	""	"0.0494359412327069"	"1.44322825918057"	"1.21420092493709"	"0.8750612633917"	"0.22902733424348"	"01,03"	"0;0"	"0;0"
"IGHV5-51"	"01,03,06,07"	"179,64,0,0"	"243"	""	"-64.5883929539298"	"-0.569711564032485"	"-35.0702484590838"	"-79.5233953041141"	"34.5005368950513"	"01,03"	"3580;1024"	"3580;1024"
"IGHV6-1"	"01,03"	"238,0"	"238"	""	"4.11517839239381"	"-48.0048078353126"	"-89.0707506685781"	"-136.14965175082"	"52.1199862277064"	"01"	"1880"	"1880"
"IGHV7-4-1"	"02,04,01"	"66,2,0"	"68"	""	"4.01970279655101"	"-7.20817104895331"	"-18.7091683280663"	"-32.0473202110878"	"11.2278738455043"	"02"	"708"	"708"
"IGHD1-1"	"01"	"128"	"128"	""	"4.7146727721962"	"-33.2694805314462"	"-70.7218745317173"	"-70.7218745317173"	"37.9841533036424"	"01"	"2403"	"2310"
"IGHD1-7"	"01"	"110"	"110"	""	"4.74930323816512"	"-27.8933285071526"	"-60.0789796011356"	"-60.0789796011356"	"32.6426317453177"	"01"	"2524"	"2538"
"IGHD1-14"	"01"	"42"	"42"	""	"4.39623109416334"	"-8.06731920859432"	"-20.3563859899333"	"-20.3563859899333"	"12.4635503027577"	"01"	"984"	"985"
"IGHD1-20"	"01"	"7"	"7"	""	"2.76834873781831"	"0.691090354025362"	"-1.35708744286447"	"-1.35708744286447"	"2.07725838379294"	"01"	"154"	"154"
"IGHD1-26"	"01"	"437"	"437"	""	"2.37226237668018"	"-127.308011011536"	"-255.172824903087"	"-255.172824903087"	"129.680273388217"	"01"	"10482"	"10698"
"IGHD2-2"	"02,01"	"57,23"	"80"	""	"-21.5404821744067"	"0.818813607817616"	"-22.5889326423519"	"-22.5889326423519"	"22.3592957822243"	"02,01"	"466;699"	"466;699"
"IGHD2-8"	"01,02"	"64,25"	"89"	""	"-23.4386968419966"	"0.258480908630604"	"-25.7826367946829"	"-25.7826367946829"	"23.6971777506272"	"01,02"	"1146;539"	"1199;539"
"IGHD2-15"	"01"	"308"	"308"	""	"3.55879518331548"	"-87.840573703574"	"-177.960396766726"	"-177.960396766726"	"91.3993688868895"	"01"	"5136"	"5137"
"IGHD2-21"	"02,01"	"97,90"	"187"	""	"-120.935249532457"	"3.96120014094079"	"-50.7544067188303"	"-50.7544067188303"	"54.7156068597711"	"02,01"	"1851;1563"	"1854;1566"
"IGHD3-3"	"01"	"714"	"714"	""	"-0.51160515874577"	"-212.391960305626"	"-1000"	"-1000"	"211.88035514688"	"01"	"12844"	"12910"
"IGHD3-9"	"01"	"164"	"164"	""	"4.57554615875497"	"-44.0916502615369"	"-92.0775300743843"	"-92.0775300743843"	"48.6671964202918"	"01"	"1896"	"1917"
"IGHD3-10"	"01,03"	"559,71"	"630"	""	"-46.8704746440961"	"-91.5169116468934"	"-275.852913366978"	"-275.852913366978"	"44.6464370027973"	"01"	"13239"	"14875"
"IGHD3-16"	"02,03"	"95,56"	"151"	""	"-65.5375457821956"	"1.89502029924178"	"-42.2871007479531"	"-42.2871007479531"	"44.1821210471949"	"02,03"	"2853;1455"	"2853;1457"
"IGHD3-22"	"01"	"560"	"560"	""	"1.13050688263966"	"-165.050163820796"	"-1000"	"-1000"	"166.180670703435"	"01"	"16464"	"16487"
"IGHD4-17"	"01"	"289"	"289"	""	"3.71791580416949"	"-82.0431803267106"	"-166.603663655448"	"-166.603663655448"	"85.7610961308801"	"01"	"7746"	"7746"
"IGHD4-23"	"01"	"172"	"172"	""	"4.53517533132191"	"-46.5060306704476"	"-96.8326851083119"	"-96.8326851083119"	"51.0412060017695"	"01"	"3438"	"3441"
"IGHD5-12"	"01"	"44"	"44"	""	"4.42874172068258"	"-8.6283109774445"	"-21.5025714150377"	"-21.5025714150377"	"13.0570526981271"	"01"	"818"	"819"
"IGHD5-18"	"02"	"20"	"20"	""	"3.77213050125096"	"-2.16289345244316"	"-8.01483001498553"	"-8.01483001498553"	"5.93502395369413"	"02"	"1169"	"1169"
"IGHD5-24"	"01"	"200"	"200"	""	"4.37365036155282"	"-54.9765891753884"	"-113.495954800812"	"-113.495954800812"	"59.3502395369413"	"01"	"4317"	"4387"
"IGHD6-6"	"01"	"324"	"324"	""	"3.42097188647843"	"-92.7264161633664"	"-187.527788476553"	"-187.527788476553"	"96.1473880498448"	"01"	"6716"	"6748"
"IGHD6-13"	"01"	"743"	"743"	""	"-0.828522342723248"	"-221.31466222246"	"-1000"	"-1000"	"220.486139879737"	"01"	"16753"	"16753"
"IGHD6-19"	"01"	"729"	"729"	""	"-0.675271543127689"	"-217.006894655279"	"-1000"	"-1000"	"216.331623112151"	"01"	"19507"	"19507"
"IGHD6-25"	"01"	"88"	"88"	""	"4.74402094298523"	"-21.3700844532689"	"-47.1186053284553"	"-47.1186053284553"	"26.1141053962541"	"01"	"1391"	"1390"
"IGHD7-27"	"01"	"211"	"211"	""	"4.30290451381156"	"-58.3115981976615"	"-120.049528932483"	"-120.049528932483"	"62.614502711473"	"01"	"5588"	"5590"
"IGHJ1"	"01"	"394"	"394"	""	"2.78456837495667"	"-114.135403512818"	"-229.418553794902"	"-229.418553794902"	"116.919971887774"	"01"	"6906"	"6906"
"IGHJ2"	"01"	"751"	"751"	""	"-0.916301939957402"	"-223.776451401172"	"-1000"	"-1000"	"222.860149461214"	"01"	"13734"	"13734"
"IGHJ3"	"02"	"1487"	"1487"	""	"4.64405136119474"	"-39.4828517345211"	"-82.9920000770236"	"-82.9920000770236"	"44.1269030957158"	"02"	"23261"	"23261"
"IGHJ4"	"02"	"4177"	"4177"	""	"2.55902644602898"	"-121.393948826873"	"-243.61164393557"	"-243.61164393557"	"123.952975272902"	"02"	"121278"	"121278"
"IGHJ5"	"02"	"876"	"876"	""	"-2.30519880779078"	"-262.259247979593"	"-1000"	"-1000"	"259.954049171803"	"02"	"21715"	"21715"
"IGHJ6"	"02,03"	"867,686"	"1553"	""	"-87.7809966506066"	"3.6299885904478"	"-41.8102988176937"	"-41.8102988176937"	"45.4402874081415"	"02,03"	"11614;13495"	"11614;13495"
