"subject"	"gene"	"IGHD2-21_01"	"IGHD2-21_02"	"alleles"	"proirs_row"	"proirs_col"	"counts1"	"k1"	"counts2"	"k2"	"counts3"	"k3"	"counts4"	"k4"
"S1"	"IGHV3-23"	"01_04"	"01_04"	"01_04"	"0.37,0.63"	"1"	"64,108"	"79.706528950088"	NA	NA	NA	NA	NA	NA
"S1"	"IGHV3-7"	"01,03"	"01,03"	"01,03"	"0.37,0.63"	"0.85,0.15"	"19,24"	"25.2664973581111"	"4,17"	"2.94294535804082"	NA	NA	NA	NA
"S1"	"IGHV3-11"	"01"	"01"	"01"	"0.37,0.63"	"1"	"5,14"	"5.1206979984986"	NA	NA	NA	NA	NA	NA
"S1"	"IGHV3-9"	"01"	"01"	"01"	"0.37,0.63"	"1"	"6,7"	"8.09404583947919"	NA	NA	NA	NA	NA	NA
"S1"	"IGHV3-43"	"02"	"02"	"02"	"0.37,0.63"	"1"	"1,6"	"0.387663439281477"	NA	NA	NA	NA	NA	NA
"S1"	"IGHV3-20"	"Unk"	"01_02,04"	"01_02,04"	"0.37,0.63"	"0.76,0.24"	"0,1"	"0.198898800130701"	"0,1"	"0.198898800130701"	NA	NA	NA	NA
"S1"	"IGHV3-30"	"18"	"18"	"18"	"0.37,0.63"	"1"	"8,17"	"9.26717031830354"	NA	NA	NA	NA	NA	NA
"S1"	"IGHV3-30-3"	"01"	"01"	"01"	"0.37,0.63"	"1"	"19,21"	"25.8631937585032"	NA	NA	NA	NA	NA	NA
"S1"	"IGHV3-64"	"Unk"	"01"	"01"	"0.37,0.63"	"1"	"0,4"	"0.795595200522804"	NA	NA	NA	NA	NA	NA
"S1"	"IGHV3-21"	"01"	"01"	"01"	"0.37,0.63"	"1"	"14,50"	"12.1898473543845"	NA	NA	NA	NA	NA	NA
"S1"	"IGHV3-48"	"01"	"01,03"	"01,03"	"0.37,0.63"	"0.7,0.3"	"12,47"	"9.62443127464525"	"0,10"	"1.98898800130701"	NA	NA	NA	NA
"S1"	"IGHV3-74"	"01"	"01"	"01"	"0.37,0.63"	"1"	"34,18"	"18.1065917793583"	NA	NA	NA	NA	NA	NA
"S1"	"IGHV3-13"	"Unk"	"01"	"01"	"0.37,0.63"	"1"	"0,2"	"0.397797600261402"	NA	NA	NA	NA	NA	NA
"S1"	"IGHV3-72"	"01"	"01"	"01"	"0.37,0.63"	"1"	"1,7"	"0.188764639150776"	NA	NA	NA	NA	NA	NA
"S1"	"IGHV3-66"	"Unk"	"02"	"02"	"0.37,0.63"	"1"	"1,12"	"0.805729361502728"	NA	NA	NA	NA	NA	NA
"S1"	"IGHV3-53"	"01_02,04"	"01_02,04"	"01_02,04"	"0.37,0.63"	"0.6,0.4"	"1,1"	"1.38215743993498"	"1,5"	"0.586562239412178"	NA	NA	NA	NA
"S1"	"IGHV3-15"	"01"	"01"	"01"	"0.37,0.63"	"1"	"18,14"	"17.6571436242219"	NA	NA	NA	NA	NA	NA
"S1"	"IGHV3-73"	"01_02"	"01_02"	"01_02"	"0.37,0.63"	"1"	"3,8"	"3.15197831915144"	NA	NA	NA	NA	NA	NA
"S1"	"IGHV3-33"	"01"	"01"	"01"	"0.37,0.63"	"1"	"12,8"	"9.36419898461201"	NA	NA	NA	NA	NA	NA
"S1"	"IGHV4-4"	"Unk"	"02_03,10"	"02_03,10"	"0.37,0.63"	"0.87,0.13"	"1,8"	"0.0101341609799247"	"0,2"	"0.397797600261402"	NA	NA	NA	NA
"S1"	"IGHV4-34"	"01"	"01"	"01"	"0.37,0.63"	"1"	"7,37"	"3.70813807562384"	NA	NA	NA	NA	NA	NA
"S1"	"IGHV4-30-2"	"01"	"Unk"	"01"	"0.37,0.63"	"1"	"3,0"	"1.26979540115088"	NA	NA	NA	NA	NA	NA
"S1"	"IGHV4-31"	"03"	"03"	"03"	"0.37,0.63"	"1"	"18,16"	"21.2679887715258"	NA	NA	NA	NA	NA	NA
"S1"	"IGHV2-5"	"Del"	"02"	"02"	"0.37,0.63"	"1"	"0,22"	"4.37577360287542"	NA	NA	NA	NA	NA	NA
"S1"	"IGHV1-46"	"Unk"	"01"	"01"	"0.37,0.63"	"1"	"1,8"	"0.0101341609799247"	NA	NA	NA	NA	NA	NA
"S1"	"IGHV6-1"	"01"	"01"	"01"	"0.37,0.63"	"1"	"6,6"	"8.29294463960989"	NA	NA	NA	NA	NA	NA
"S1"	"IGHV7-4-1"	"Unk"	"02"	"02"	"0.37,0.63"	"1"	"0,4"	"0.795595200522804"	NA	NA	NA	NA	NA	NA
"S1"	"IGHV1-3"	"Unk"	"01_05"	"01_05"	"0.37,0.63"	"1"	"1,9"	"0.209032961110625"	NA	NA	NA	NA	NA	NA
"S1"	"IGHV1-8"	"01"	"01"	"01"	"0.37,0.63"	"1"	"5,10"	"5.9162931990214"	NA	NA	NA	NA	NA	NA
"S1"	"IGHV1-2"	"02"	"06"	"02,06"	"0.37,0.63"	"0.51,0.49"	"16,2"	"3.16139699216748"	"1,10"	"0.407931761241326"	NA	NA	NA	NA
"S1"	"IGHV1-58"	"Del"	"Del"	NA	NA	NA	NA	NA	NA	NA	NA	NA	NA	NA
"S1"	"IGHV1-69"	"01_12_13,20"	"01_12_13,20"	"01_12_13,02,20"	"0.37,0.63"	"0.49,0.20,0.31"	"8,4"	"3.83556922487209"	"0,0"	NA	"2,2"	"2.76431487986996"	NA	NA
"S1"	"IGHV1-18"	"01,04"	"01,04"	"01,04"	"0.37,0.63"	"0.85,0.15"	"13,7"	"7.13551127724311"	"4,2"	"1.91778461243604"	NA	NA	NA	NA
"S1"	"IGHV4-59"	"01"	"01"	"01"	"0.37,0.63"	"1"	"43,32"	"39.5731216070328"	NA	NA	NA	NA	NA	NA
"S1"	"IGHV4-30-4"	"01"	"01"	"01"	"0.37,0.63"	"1"	"13,29"	"14.7856659170635"	NA	NA	NA	NA	NA	NA
"S1"	"IGHV4-61"	"11"	"02,11"	"02,11"	"0.37,0.63"	"0.49,0.51"	"2,20"	"0.815863522482652"	"10,5"	"4.79446153109011"	NA	NA	NA	NA
"S1"	"IGHV4-39"	"01_08"	"01_08"	"01_08"	"0.37,0.63"	"1"	"18,26"	"23.2876435177841"	NA	NA	NA	NA	NA	NA
"S1"	"IGHV4-38-2"	"Unk"	"02"	"02"	"0.37,0.63"	"1"	"0,1"	"0.198898800130701"	NA	NA	NA	NA	NA	NA
"S1"	"IGHV3-49"	"03_05"	"04"	"03_05,04"	"0.37,0.63"	"0.31,0.69"	"1,0"	"0.42326513371696"	"0,2"	"0.397797600261402"	NA	NA	NA	NA
"S1"	"IGHV5-51"	"01_03"	"01_03"	"01_03"	"0.37,0.63"	"1"	"4,10"	"4.33523695895572"	NA	NA	NA	NA	NA	NA
"S1"	"IGHV1-24"	"01"	"01"	"01"	"0.37,0.63"	"1"	"1,2"	"1.18325863980428"	NA	NA	NA	NA	NA	NA
"S1"	"IGHV8-51-1"	"Unk"	"Unk"	NA	NA	NA	NA	NA	NA	NA	NA	NA	NA	NA
"S1"	"IGHV1-45"	"Unk"	"Unk"	NA	NA	NA	NA	NA	NA	NA	NA	NA	NA	NA
"S1"	"IGHV1-69-2"	"Del"	"Del"	NA	NA	NA	NA	NA	NA	NA	NA	NA	NA	NA
"S1"	"IGHV2-26"	"Del"	"Del"	NA	NA	NA	NA	NA	NA	NA	NA	NA	NA	NA
"S1"	"IGHV2-70"	"Unk"	"Unk"	NA	NA	NA	NA	NA	NA	NA	NA	NA	NA	NA
"S1"	"IGHV2-70D"	"Del"	"Del"	NA	NA	NA	NA	NA	NA	NA	NA	NA	NA	NA
"S1"	"IGHV3-43D"	"Del"	"Del"	NA	NA	NA	NA	NA	NA	NA	NA	NA	NA	NA
"S1"	"IGHV3-64D"	"Unk"	"Unk"	NA	NA	NA	NA	NA	NA	NA	NA	NA	NA	NA
"S1"	"IGHV4-28"	"Del"	"Del"	NA	NA	NA	NA	NA	NA	NA	NA	NA	NA	NA
"S1"	"IGHV5-10-1"	"Del"	"Del"	NA	NA	NA	NA	NA	NA	NA	NA	NA	NA	NA
