allele_name,pipeline_names,similar_names
TRBD1*01, TRBD1*01, 
TRBD2*01, TRBD2*01, 
TRBD2*02, TRBD2*02, 
TRBJ1-1*01, TRBJ1-1*01, 
TRBJ1-2*01, TRBJ1-2*01, 
TRBJ1-3*01, TRBJ1-3*01, 
TRBJ1-4*01, TRBJ1-4*01, 
TRBJ1-5*01, TRBJ1-5*01, 
TRBJ1-6*01, TRBJ1-6*01, 
TRBJ1-6*02, TRBJ1-6*02, 
TRBJ2-1*01, TRBJ2-1*01, 
TRBJ2-2*01, TRBJ2-2*01, 
TRBJ2-2P*01, TRBJ2-2P*01, 
TRBJ2-3*01, TRBJ2-3*01, 
TRBJ2-4*01, TRBJ2-4*01, 
TRBJ2-5*01, TRBJ2-5*01, 
TRBJ2-6*01, TRBJ2-6*01, 
TRBJ2-7*01, TRBJ2-7*01, 
TRBJ2-7*02, TRBJ2-7*02, 
TRBV1*01, TRBV1*bp01, 
TRBV10-1*01, TRBV10-1*01;TRBV10-1*bp01, 
TRBV10-1*02, TRBV10-1*02;TRBV10-1*bp02, 
TRBV10-2*01, TRBV10-2*01;TRBV10-2*bp01, 
TRBV10-2*02, TRBV10-2*02, TRBV10-2*02_03
TRBV10-2*02_03, TRBV10-2*bp02, 
TRBV10-3*01, TRBV10-3*01, 
TRBV10-3*01_02_04, TRBV10-3*bp01, 
TRBV10-3*02, TRBV10-3*02, 
TRBV10-3*03, TRBV10-3*03, 
TRBV11-1*01, TRBV11-1*01;TRBV11-1*bp01, 
TRBV11-1*Del, TRBV11-1*Del, 
TRBV11-2*01, TRBV11-2*01;TRBV11-2*bp01, 
TRBV11-2*03, TRBV11-2*03;TRBV11-2*bp03, 
TRBV11-3*01, TRBV11-3*01, 
TRBV11-3*01_02_04, TRBV11-3*bp01, 
TRBV11-3*04, TRBV11-3*04, 
TRBV12-2*01, TRBV12-2*01, 
TRBV12-3*01, TRBV12-3*01, 
TRBV12-3*01_4.01, TRBV12-34*bp01, 
TRBV12-4*01, TRBV12-4*01, 
TRBV12-5*01, TRBV12-5*01;TRBV12-5*bp01, 
TRBV13*01, TRBV13*01;TRBV13*bp01, 
TRBV14*01, TRBV14*01;TRBV14*bp01, 
TRBV14*02, TRBV14*02;TRBV14*bp02, 
TRBV15*01, TRBV15*bp01, 
TRBV15*02, TRBV15*02;TRBV15*bp02, 
TRBV16*01, TRBV16*01, 
TRBV16*01_02, TRBV16*bp01, 
TRBV18*01, TRBV18*01;TRBV18*bp01, 
TRBV19*01, TRBV19*01;TRBV19*bp01, 
TRBV2*01, TRBV2*01, 
TRBV2*01_02, TRBV2*bp01, 
TRBV2*02, TRBV2*02, 
TRBV20-1*01, TRBV20-1*01, 
TRBV20-1*01_02, TRBV20-1*bp01, 
TRBV20-1*02, TRBV20-1*02, 
TRBV20-1*04_06, TRBV20-1*bp03, 
TRBV20-1*05, TRBV20-1*05;TRBV20-1*bp04, 
TRBV21-1*01, TRBV21-1*bp01, 
TRBV21-1*02, TRBV21-1*bp02, 
TRBV21-1*Del, TRBV21-1*Del, 
TRBV23-1*01, TRBV23-1*bp01, 
TRBV24-1*01, TRBV24-1*01;TRBV24-1*bp01, 
TRBV24-1*02, TRBV24-1*02;TRBV24-1*bp02, 
TRBV25-1*01, TRBV25-1*01;TRBV25-1*bp01, 
TRBV27*01, TRBV27*01;TRBV27*bp01, 
TRBV28*01, TRBV28*01;TRBV28*bp01, 
TRBV29-1*01, TRBV29-1*01;TRBV29-1*bp01, 
TRBV29-1*03, TRBV29-1*bp03, 
TRBV3-1*01, TRBV3-1*01;TRBV3-1*bp01, 
TRBV3-2*01, TRBV3-2*bp01, 
TRBV3-2*02_03, TRBV3-2*bp02, 
TRBV30*01, TRBV30*01;TRBV30*bp01, 
TRBV30*02, TRBV30*02;TRBV30*bp02, 
TRBV30*04, TRBV30*bp04, 
TRBV30*Del, TRBV30*Del, 
TRBV4-1*01, TRBV4-1*01, 
TRBV4-1*01_02, TRBV4-1*bp01, 
TRBV4-2*01, TRBV4-2*01;TRBV4-2*bp01, 
TRBV4-2*02, TRBV4-2*bp02, 
TRBV4-3*01, TRBV4-3*01, 
TRBV4-3*01_04, TRBV4-3*bp01, 
TRBV4-3*Del, TRBV4-3*Del, 
TRBV5-1*01, TRBV5-1*01;TRBV5-1*bp01, 
TRBV5-3*01, TRBV5-3*bp01, 
TRBV5-3*02, TRBV5-3*bp02, 
TRBV5-3*Del, TRBV5-3*Del, 
TRBV5-4*01, TRBV5-4*01, 
TRBV5-4*01_03, TRBV5-4*bp01, 
TRBV5-5*01, TRBV5-5*01, 
TRBV5-5*01_02_03, TRBV5-5*bp01, 
TRBV5-5*02, TRBV5-5*02, 
TRBV5-6*01, TRBV5-6*01;TRBV5-6*bp01, 
TRBV5-7*01, TRBV5-7*01;TRBV5-7*bp01, 
TRBV5-7*Del, TRBV5-7*Del, 
TRBV5-8*01, TRBV5-8*01;TRBV5-8*bp01, 
TRBV6-1*01, TRBV6-1*01;TRBV6-1*bp01, 
TRBV6-2*01_3.01, TRBV6-23*01;TRBV6-23*bp01, , ;TRBV6-2*01;TRBV6-3*01
TRBV6-4*01, TRBV6-4*01, 
TRBV6-4*01_02, TRBV6-4*bp01, 
TRBV6-4*02, TRBV6-4*02, 
TRBV6-5*01, TRBV6-5*01;TRBV6-5*bp01, 
TRBV6-6*01, TRBV6-6*01, 
TRBV6-6*01_03, TRBV6-6*bp01, 
TRBV6-6*02, TRBV6-6*02;TRBV6-6*bp02, 
TRBV6-6*04, TRBV6-6*bp03, 
TRBV6-7*01, TRBV6-7*01;TRBV6-7*bp01, 
TRBV6-8*01, TRBV6-8*01;TRBV6-8*bp01, 
TRBV6-8*Del, TRBV6-8*Del, 
TRBV6-9*01, TRBV6-9*01;TRBV6-9*bp01, 
TRBV6-9*Del, TRBV6-9*Del, 
TRBV7-1*01, TRBV7-1*bp01, 
TRBV7-2*01, TRBV7-2*01, 
TRBV7-2*01_04, TRBV7-2*bp01, 
TRBV7-2*02, TRBV7-2*02;TRBV7-2*bp02, 
TRBV7-3*01, TRBV7-3*01;TRBV7-3*bp01, 
TRBV7-3*02, TRBV7-3*bp02, 
TRBV7-3*03, TRBV7-3*03;TRBV7-3*bp03, 
TRBV7-4*01, TRBV7-4*01;TRBV7-4*bp01, 
TRBV7-6*01, TRBV7-6*01, 
TRBV7-6*01_02, TRBV7-6*bp01, 
TRBV7-7*01, TRBV7-7*01, 
TRBV7-7*01_02, TRBV7-7*bp01, 
TRBV7-8*01, TRBV7-8*01;TRBV7-8*bp01, 
TRBV7-8*02, TRBV7-8*02, 
TRBV7-8*03, TRBV7-8*03, 
TRBV7-8*Del, TRBV7-8*Del, 
TRBV7-9*01, TRBV7-9*01, 
TRBV7-9*01_02_03, TRBV7-9*bp01, 
TRBV7-9*03, TRBV7-9*03, 
TRBV7-9*05, TRBV7-9*05;TRBV7-9*bp03, 
TRBV7-9*07, TRBV7-9*bp05, 
TRBV7-9*Del, TRBV7-9*Del, 
TRBV9*01, TRBV9*01;TRBV9*bp01, 
TRBV9*02, TRBV9*02;TRBV9*bp02, 
